OUTER_PROGRAM_ID,FILLS,VOLUME_USD
pAMMBay6oceH9fJKBRHGP5D4bD4sWpmSwMn52FMfXEA,122657910,67348596383.2945
cpamdpZCGKUy5JxQXB4dcpGPiikHawvSWAd6mEn1sGG,41131780,7345551782.88025
JUP6LkbZbjS1jKKwapdHNy74zcZ3tLUZoi5QNyVTaV4,25410627,8255753148.0476
CAMMCzo5YL8w4VFF8KVHrK22GGUsp5VTaW7grrKgrWqK,13462978,2170696323.41201
FLASHX8DrLbgeR8FcfNV1F5krxYcYMUdBkrP1EPBtxB9,11948137,585176167.346393
6EF8rrecthR5Dkzon8Nwu78hRvfCKubJ14M5uBEwF6P,8759903,309044593.876859
DF1ow4tspfHX9JwWJsAb9epbkA8hmpSEAtxXy1V27QBH,5421999,783233623.743949
proVF4pMXVaYqmy4NjniPh4pqKNfMmsihgd4wdkCX3u,3468634,325890863.845275
CPMMoo8L3F4NbTegBCKVNunggL7H1ZpdTHKxQB5qKP1C,1357702,38557445.7893953
675kPX9MHTjS2zt1qfr1NYHuzeLXfQM9H24wFSUt1Mp8,1196687,175958274.219528
BoobsBSMpFRBA91sNwKLYShRRQPH5GjoCH4NhLUt4yRo,1180458,35254745.5482237
term9YPb9mzAsABaqN71A4xdbxHmpBNZavpBiQKZzN3,1034207,54089959.4157288
T1TANpTeScyeqVzzgNViGDNrkQ6qHz9KrSBS4aNXvGT,1025235,431748295.451057
XxXxXwJhqsCqZ5yzrykvjwVnUpqBUJP6g6cYjFt2dfW,969998,79373977.7990152
MEMS58mnNtbz3ZNt9Zp6GcKmN71qJaYDkVkvkUkQcPa,905151,214644949.754247
9i7QdbBHx7fjLAAaFfcDRgkdS4oNfKv8duzyE27a1kJ6,864348,50239505.5699172
GMgnVFR8Jb39LoXsEVzb3DvBy3ywCmdmJquHUy1Lrkqb,837906,29122316.2432397
BPP531ELta5NTmMnBfi5RkTvN6GoyZUNmyLBEkGDQQwf,830890,162372934.864826
whirLbMiicVdio4qvUfM5KAg6Ct8VwpYzGff3uctyCc,759382,1373652373.95631
GReEN7h1Dcd845BNMz46gJjyzpruguwT75yfuLY1ZURj,736443,441884302.057077
9Zzf9QqTy3TkyXysvJBsXyuRjda5aXCEJ9vXfL2HKSYv,709225,19863140.5996414
routeUGWgWzqBWFcrCfv8tritsqukccJPu3q5GPP3xS,692117,361728381.625051
MAyhSmzXzV1pTf7LsNkrNwkWKTo4ougAJ1PPg47MD4e,681368,5254196.50187781
LBUZKhRxPF3XUpBCjp4YzTKgLccjZhTSDM9YuVaPwxo,593776,520612573.009974
FLUXubRmkEi2q6K3Y9kBPg9248ggaZVsoSFhtJHSrm1X,524273,12873375.66829
B3111yJCeHBcA1bizdJjUFPALfhAfSRnAbJzGUtnt56A,407471,51728628.1865766
joeHSutRWndCtp1EPx5tz5zHyaPBZUZ5JsxDEVB1RPZ,402460,1694430.13765823
Hb1HrvCEGmnpNdRwetz2h7yQaqrqn5jdW9HpB4UBxSzv,386572,1858420.31336725
2VxcbQDXkbaLHzShMsJGieXGTd239FbNseX1Qx6yLW7V,366850,58104376.5459902
Eo7WjKq67rjJQSZxS6z3YkapzY3eMj6Xy8X5EQVn5UaB,292377,1621133.20171176
3s1rAymURnacreXreMy718GfqW6kygQsLNka1xDyW8pC,283073,1198589.73430438
BBRouter1cVunVXvkcqeKkZQcBK7ruan37PPm3xzWaXD,272990,18354807.345873
dbcij3LWUppWqq96dh6gJWwBifmcGfLSB5D4DuSMaqN,265856,18060488.0124554
CNCBEUHgsEwXRkc5ov5f42gnHnmtrmv3BoG7TdtyKMen,263607,2407330.83211116
mine9YMaEywEJyysaDLjYngt8pYXxQDsdakUewPEW8S,250167,11351409.4612707
b1oomGGqPKGD6errbyfbVMBuzSC8WtAAYo8MwNafWW1,238787,12060043.6909123
LVJFnvzw4jDzjdhJ9onG8H7R27ph8bqhU1aN4bBj6pP,235275,288425.34851659
rexhfZLRRxRkPkw9izswgMFRPDb9U58jeinH7wqUVuw,222932,52009389.0972135
FAdo9NCw1ssek6Z6yeWzWjhLVsr8uiCwcWNUnKgzTnHe,187844,1318291.0119575
sattCHvHkM4XHLyadnU4KQtuNWZbWVDKzuPhmJBXCkq,172018,10902603.9227475
King7ki4SKMBPb3iupnQwTyjsq294jaXsgLmJo8cb7T,160199,18450422.6347746
DMCrCMGMB7EaG6XJMZxiZmy56mf4RhuotWMAiLhvVnNK,156234,20838120.0897606
DBotWvSso9oD1ZB3aHx2LiD2ZoFpF8PbKjaT4uHKLLVs,153921,2004917.29622811
s7SunwrPG5SbViEKiViaDThPRJxkkTrNx2iRPN3exNC,150148,21875057.0468221
CoTh2vLV87d3wBM7pgLYkkh4q7WBKcVGnVzL3ABuwVR4,147986,52672005.4486813
knc2oZyHT5fnbUCvA2QiovgMoaJUYjALamMMUomSCkg,144845,6187452.84909918
AveaiuA1emN71q9mS2QQ9BEWNAAHmp8sHSvwLFHQjufM,128078,6771594.02051216
NA247a7YE9S3p9CdKmMyETx8TTwbSdVbVYHHxpnHTUV,124395,9688633.62686019
jesterKqzZ7hWfNLnUDeB8WtMrm7a44g2vSyhs7WmyT,112745,23587901.4921975
MaestroAAe9ge5HTc64VbBQZ6fP77pwvrhM8i1XWSAx,107269,12126191.2922333
ARBTRGgcwmy3VS2W9YaauL7FSMBmB41cJ8EkfWGo8D6c,106717,938313.075339061
BSfD6SHZigAfDWSjzD5Q41jw8LmKwtmjskPH9XW1mrRW,105507,8029748.86888001
BN111JnbLtbmQqqiCh7h2pDKhAhMx4wi77Mj7jJFbyp8,96132,30491079.9667927
4w3DZU3zBu7149sTmEZ2XFTNxuvuX3F9f9heQFi6YtS6,92983,4974905.63718718
Fibo6vWHQLVqh6ci5BbdPrNR29q2qesJqiSEbR99y8L9,85175,5272651.55285652
FsWxHsafrajWKW5YZTT76D8sYCAVfbA4iNoPxNFQqUet,84401,631543.710033291
HpNfyc2Saw7RKkQd8nEL4khUcuPhQ7WwY1B2qjx8jxFq,80845,15914731.5945374
2UUgGySTVXmKFatH7pGQo84ZrzdSYF5zw9iqrGwBMuuj,78746,4803469.4270548
AtomCf57Gdp49TDf2q6w7ypqEwPEaCCpxbpTdD4RmDQt,77764,8453132.15198067
HuTkmnrv4zPnArMqpbMbFhfwzTR7xfWQZHH1aQKzDKFZ,75489,171347967.373312
3URuDiCXFYJ95YVeDW8MP3b7CKTnuqArY5GTZA2JnPWQ,73088,44058371.3913029
AWyHupJb5LBjgcAjDaLmLMRbj72dX4kTtnvNpbrMqpFF,69188,17250473.9752943
NA365bsPdvZ8sP58qJ5QFg7eXygCe8aPRRxR9oeMbR5,68648,3013212.91910495
FRAzioLCVcgo7zQbQ3JnfxtrPjnxqtEeNzP6UVqMLvy2,68641,2803368.16575613
GMGNreQcJFufBiCTLDBgKhYEfEe9B454UjpDr5CaSLA1,65342,5968425.51259993
MEXkeo4BPUCZuEJ4idUUwMPu4qvc9nkqtLn3yAyZLxg,63328,17831535.6190469
Botyyj12s9PBTSZHPkRJdjxnTzYEUTKzTbp4MiAdqByX,63299,467164.603255521
DHFkF589sftXMvirmVGoMPk9rjzvUEiRTJvdT7yYXdmu,61533,5288655.17948583
bobaMFZcxPB6oN3P7tYJCHp1oLCkKMPCfbgNMxvjJDb,61317,18780218.8678161
va1t8sdGkReA6XFgAeZGXmdQoiEtMirwy4ifLv7yGdH,60820,4512136.61847707
B3jytJa6Tzpn4Ly7GNnDm3dMGqUin5aMRm5aPsJGU5G7,56226,2396697.50702073
A8g42Cw2RHEQztHTV18g3PcZYspyFLXzZPceAsF9gcux,55189,9084882.3336336
6m2CDdhRgxpH4WjvdzxAYbGxwdGUz5MziiL5jek2kBma,54076,66233121.5206807
3efF8Bd4bhnqttRcLhasjbpUmZZ3E6sDh7heZp2fwHUY,52334,27792.75076529
3AQz4t3ShixZWw5vhvkAindHhMco3s12gxgvGuMeh2Yg,52215,4788687.42161315
BASDaPs2cdVTsvgPRfESDLZgek8tKRTfqbR2ksdgptsn,51461,93500.851957922
CroWg74XNDF8UMnAZVbXx49iVj7iJ7b4CsqTCVWF7aK,50766,10199858.4774523
FoaFt2Dtz58RA6DPjbRb9t9z8sLJRChiGFTv21EfaseZ,49369,5138912.7979694
L6pUpkHtq3CLtJRTrZ9GsBxfweZ8iPS6CnDQMdmcbad,44524,796011.251967618
8aquaCPqbpsWvHdpfhTgfBg8eJWqNZKQgyYzzFXCdRkH,43603,22705080.8374367
8A2ap8YTUmCYbQztNZQnebE333PBuWQxztYNpvQ8RXKF,40830,118774933.618245
5mngCUEf2TAnu92oKZiovKwojcjkkSVBFtsZai7Agoxb,40823,83768.707380857
DiabLoFN9hCNkEc2HhCtgo1VqeQvyRXQiGh2B14mnwJs,40285,6533227.90545137
3QUnrcMqCQoiGB73s1A6uDzxziywaNFpTLiZiiZbEUoN,38335,2699072.17856935
CFU3XT4yiuERvM4298sGWuWFxMRmJkeyganCQ3WtuMK3,38118,505757.88000443
H5q1jexA6N9YAoTbAvP5rkavv13haCJUqqvVFBxaRcZh,38024,749290.280324444
j1o2qRpjcyUwEvwtcfhEQefh773ZgjxcVRry7LDqg5X,38024,8746196.12874237
7bgvkyKyHvgHdNCTKhheHBYCnvu7BQsBKHAGWNX2jk7D,37090,2102332.40721635
smooveP3KXV624iznQjqvyB9XdXsDQ6kg4LrGgiHqVD,37048,2314311.46478273
ELesY2LrDJUa1SsSnyTQYxoz4pcH4tWGx3v1Q4kztXXz,35670,6708663.79056591
5K3iRsAC8aPLZ47H2mEVbcFJfpAg4TJpsYBd7qMJ6Rzh,35478,3786291.12311786
4tUA6ZqYPXz19trCPbcYATKfHqmYZV3qbjJCEejH2xp3,33407,33098.40539338
BXxgGt3akAghZviYHLh8KUh6vhXBht5wf86De6huTp95,32423,3165676.48078367
FqGg2Y1FNxMiGd51Q6UETixQWkF5fB92MysbYogRJb3P,31724,1217136.14243894
rvgxRnWNAWoLJkAc6S7y1zSNW9eAeFvpjV65YMHYxow,31608,1293049.76182974
HVi6VyyLvTtFTA8f8atavxVjUKi8WjmnydfKgoZKzt7H,30976,1209980.70412273
DDsnwb7dxKSjzTYDFjU8F6rpYNZa1sp7Fmfb2nGDAMEo,30832,817486.73326159
8Ue7UGaqgk9GR3YphyDMe9TX4rdUqsbVXfPcFbzM5LDE,29382,638627.82817286
MEViZt7uNtZs47XkjujUuMSAxxxVtQQ25SwToLcEckt,27169,455475.049160476
m9obQHAPyZeZ88w7XUY8Te6a8rBmhXsfKco7u8G8tnB,27032,795410.116165121
