account,name,activeStake,softwareClient
HEL1USMZKAL2odpNBj2oCjffnFGaYwmbGmyewGv1e2TU,"Helius",14429272671158710,JitoLabs
JupmVLmA8RoyTUbTMMuTtoPWHEiNQobxgTeGTrPNkzT,"Jupiter",13316714155799252,Harmonic
Fd7btgySsrjuo25CJCj7oE7VPMyezDhnx7pZkj2v69Nk,"Figment",13122002098310156,Rakurai
DRpbCBMxVnDK7maPM5tGv6MvB3v1sRMC86PZ8okm21hy,"binance staking",11044863354241852,AgaveBam
q9XWcZ7T1wP4bW9SB4XgNNwjnFEJ982nE8aVbbNuwot,"Ledger by Figment",8602494079123119,JitoLabs
5pPRHniefFjkiaArbGX3Y8NUysJmQ9tMZg3FrFGwHzSm,"Kiln1",7686969092291465,JitoLabs
JD549HsbJHeEKKUrKgg4Fj2iyv2RGjsV7NTZjZUrHybB,"Forward Industries",7582086640822913,Frankendancer Rev
EvnRmnMrd69kFdbLMxWkTn1icZ7DCceRhvmb2SJXqDo4,"Everstake",7188230500276442,Frankendancer Rev
DtdSSG8ZJRZVv5Jx7K1MeWp7Zxcu19GD5wQRGRpQ9uMF,"Galaxy",6846930824388765,Frankendancer Rev
Awes4Tr6TX8JDzEhCZY2QVNimT6iD1zWHzf1vNyGvpLM,"Staking Facilities | MEV üî•",6734159431690004,Frankendancer Vanilla
CAo1dCGYrB6NhHh5xb1cGjUiu86iyCfMTENxgHumSve4,"Kraken 2",6055013748791208,HarmonicAgave
E1r4Psq84tHfQ6aPTvvDka4U3u8zPVD7gEUrH25RdxHL,"Bitwise Onchain Solutions",5901068785872056,JitoLabs
9jxgosAfHgHzwnxsHw4RAZYaLVokMbnYtmiZBreynGFP,"",5699016978039680,Frankendancer Vanilla
5Cchr1XGEg7dbBXByV5NY2ad8jfxAM7HA3x8D56rq9Ux,"Upbit Staking",4672984722651800,Agave
9rkJMARqK6VBkcxGfKBAwnA44gPAfGxPbPsfsggFNDSQ,"",4505540980617012,JitoLabs
EkvdKhULbMFqjKBKotAzGi3kwMvMpYNDKJXXQQmi6C1f,"",3943858213894888,HarmonicAgave
J6etcxDdYjPHrtyvDXrbCkx3q9W1UjMj1vy1jBFPJEbK,"",3891132301751516,HarmonicAgave
BkoS26vBuaXnSowACdChi4WKid8UwmuPNhEJWa8KsLHd,"",3887812130865316,JitoLabs
FBKFWadXZJahGtFitAsBvbqh5968gLY7dMBBJUoUjeNi,"",3813201760794064,HarmonicAgave
BtsmiEEvnSuUnKxqXj2PZRYpPJAc7C34mGz8gtJ1DAaH,"",3787112671512453,HarmonicAgave
5ZqveVffQPiUbkjBg4KD9kib1MKHLqiFno4ke9jSq9qk,"",3742829006815225,HarmonicAgave
A1vqhA2fS6K7CvHsJKX1ACcHJFEmyRg4KuR5pctHANy4,"",3657866931046612,HarmonicAgave
DWvDTSh3qfn88UoQTEKRV2JnLt5jtJAVoiCo3ivtMwXP,"P2P.org",3622104471720248,JitoLabs
5EhGYUyQNrxgUbuYF4vbL2SZDT6RMfhq3yjeyevvULeC,"",3598006063660020,AgaveBam
Hz5aLvpKScNWoe9YZWxBLrQA3qzHJivBGtfciMekk8m5,"",3550296585726144,Harmonic
shftkxnsXmqAkmLgz9Mn7bNB5Fr6mKgFc58kFHfVikj,"blueshift",3292150136753822,JitoLabs
9UM8wQ8F5oMiRcP5YdqD6Lr4krpBWCD8LtgQYoisJd9i,"",3269389964936798,JitoLabs
GoeW4aFK4dGoekJySgUynWDxBZiQJqm8GDAF4H53tDK9,"Twinstake",2969461927689947,Harmonic
6y7V8dL673XFzm9QyC5vvh3itWkp7wztahBd2yDqsyrK,"",2916667655378480,JitoLabs
FNKgX9dYUhYQFRTM9bkeKoRpsyEtZGNMxbdQLDzfqB8a,"Coinbase 04",2893550119432876,HarmonicAgave
9W3QTgBhkU4Bwg6cwnDJo6eGZ9BtZafSdu1Lo9JmWws7,"Coinbase 03",2821208847057224,Harmonic
krakeNd6ednDPEXxHAmoBs1qKVM8kLg79PvWF2mhXV1,"Kraken",2678010241548365,AgaveBam
DrifTrN923QaouP89UxkQzFGbumKPCnfkNYQRwmZxatz,"Drift",2589269532630713,AgaveBam
CW9C7HBwAMgqNdXkNgFg9Ujr3edR2Ab9ymEuQnVacd1A,"Coinbase 02",2507890726805179,HarmonicAgave
GSTampk6BJRKSDkzhaMM49R7qRx98MTPYYWvKbp83XKc,"",2502415688586068,JitoLabs
5ejbTALcBsKQ7Cj1iSuu2mY5jqbYHqh9gF5ERXLiYj1z,"",2502415680489477,JitoLabs
GQzMeEMwAR44ugoNCifTb5NdRKos1GduDUPeNh6AgV46,"",2502395552696824,JitoLabs
BSVckjdW2f8kcXPGcrPPtV9kUDBZ8w8PjrrGVnxgEdwq,"",2502391138720913,JitoLabs
76rcGHdPvgs8G1XrzCXUTWtwgT59AFDvpB4VbTS2TBBJ,"",2502383454498740,JitoLabs
3SkE34PVeGck2ArEffFKjihrQgURsvnoTAhitsNXNzXd,"",2500000940382560,JitoLabs
HpcB5Qg8Y9E73dUkot5e8HkgAJbExsYeUzniY4bCuKac,"",2500000937382560,JitoLabs
DUND26mEDfFeaPsVof3YvbXDRvpuQX7HMUJrLgEWzYw4,"",2499999992171680,JitoLabs
2GUnfxZavKoPfS9s3VSEjaWDzB3vNf5RojUhprCS1rSx,"",2499999939665440,JitoLabs
Aw5wEMXhbygFLR7jHtHpih8QvxVBGAMTqsQ2SjWPk1ex,"",2499999939665440,JitoLabs
CoG8d9Fp2TFJRkAmrPMiPsGhQWHzdTTVoegEp9svRgmJ,"Nansen | Stake to Stack Points",2487839589811545,AgaveBam
6WgdYhhGE53WrZ7ywJA15hBVkw7CRbQ8yDBBTwmBtAHN,"Luganodes",2476086095419848,AgaveBam
FbYX2uN573G5WsgiPdHU6fS5PNUyjdXfGfpZNkYUuT4k,"",2409417938382560,JitoLabs
DNVZMSqeRH18Xa4MCTrb1MndNf3Npg4MEwqswo23eWkf,"Firedancer Development",2403321584448674,Firedancer
7cVfgArCheMR6Cs4t6vz5rfnqd56vZq4ndaBrY5xkxXy,"Blockdaemon üß±üëø Validator",2382189919730144,Rakurai
22rU5yUmdVThrkoPieVNphqEyAtMQKmZxjwcD8v4bJDU,"",2322628996123620,JitoLabs
7qGNnXKW1e3DsqEaSxwxMdBTFsrK73XtWTmkGitRyMQc,"Alchemy",2250735931640573,AgaveBam
HnfPZDrbJFooiP9vvgWrjx3baXVNAZCgisT58gyMCgML,"",2182665921629860,JitoLabs
AEHqTB2RtJjegsR2ePjvoJSm6AA5pnYKWVbcsn6kqTBD,"",2083334280438320,JitoLabs
FBbqKvwLfKGZrKrfSbPJz4ymQ7zMarhRyZtu1RBkSe89,"",2026939623013699,Firedancer
AWcCdYG7Dy6GX45c6QMPbgGwgRZPKcBDT4bXGb3QrVRV,"",2013800997122051,AgaveBam
2m1A2WM1vte7RWz5xTTw4i1SiXmngVtXhqFERaUjoAAb,"",2005488249610397,HarmonicAgave
Fc6NNdS2j3EmrWbU6Uqt6wsKB5ef72NjaWfNxKYbULGD,"OKX Earn",1982236448122398,AgaveBam
BUv44cVtsdvU9z2BfFGk6s5JZZWrmVnq5qCaii5ARyyB,"",1937437661920325,AgaveBam
FzQqaDStQQHs52YKeCnDovwSqvyZBCgs2kJcmvoFZwaS,"",1881605316350045,AgaveBam
7QQGNm3ptwinipDCyaCF7jY5katgmFUu1ieP2f7nwLpE,"",1875000953466200,Agave
3JotfSFPaod4KVK7nj7ULvcq5PjUBdZNVGracNkJNhrt,"",1837000183558720,AgaveBam
HbidP4hpQdwhkzrxder3x3VNPt6DQnE25gFG46napD2p,"",1835664800728540,AgaveBam
ana2y2YvQ3ZPMwm6qhnN3nJoUSiT3qx5Pvetkq9xcfY,"Anagram Staking",1784935576987904,Rakurai
EXckihF3qmguH5znjhfzLvHsbk2E3nEW2DqNh4MMnDMm,"",1779251796858585,Harmonic
C1ocKDYMCm2ooWptMMnpd5VEB2Nx4UMJgRuYofysyzcA,"Overclock",1622735960334306,AgaveBam
7y5VhV4fkz6r4zUmH2UiwPjLwXzPL1PcV28or5NWkWRL,"Haus ‚Äì Guaranteed Best APY & No Fees",1601136681733272,AgaveBam
CG4tRANBKrzUmpv93V5sgftjQznBdiJsc2yPCzZWWuS9,"Bybit Staking",1538827385406742,JitoLabs
14GtGcdikcK33tFBhedZ4rYTHcTpWveCxLXvR3Ydx9zS,"",1504303475664178,AgaveBam
6aDs9tUm2gErcPn2c1TZnp5cu2bQV9BzyuwW4baWQYd4,"Coinbase 05",1500195226821795,AgaveBam
GYx8kpp7SsRwtQEEsGQjAxb4hFMMmT91kFJuDeky3YGQ,"",1468620878079180,AgaveBam
FZ4MT1HYJHd9GK8D5mJ9f3r7irLaDL5NxBNLjGqrLqs9,"",1468142636020282,AgaveBam
6TkKqq15wXjqEjNg9zqTKADwuVATR9dW3rkNnsYme1ea,"melea üöÄ SOL ü§ë2K",1451660230211807,AgaveBam
Ninja1spj6n9t5hVYgF3PdnYz2PLnkt7rvaw3firmjs,"Shinobi Systems üöÄ stakeview.app",1384275695905267,JitoLabs
722RdWmHC5TGXBjTejzNjbc8xEiduVDLqZvoUGz6Xzbp,"Solflare",1374380484775785,JitoLabs
DTSUkYHd2e9P2HLyZfbLarsbDdPhQUhZnWjRYuJZQRC8,"Temporal Emerald",1360338043017247,HarmonicAgave
pSoLoZx55zZz61gjxSTwHtwTg4yTwdm7ruBmyjbYgT2,"",1356352383804697,Harmonic
CMPSSdrTnRQBiBGTyFpdCc3VMNuLWYWaSkE8Zh5z6gbd,"Solana Compass üß≠ Solana For The People",1352057220000061,AgaveBam
A9mvukTd77EbRoBX4ydSCFQHdu5bsRFkNXTTRstA8FAC,"",1333693292734761,JitoLabs
G3a3iYZKNLbivothF3twqcaTCEvoPb9uJ2bFc9DNKkBQ,"",1324631001000000,AgaveBam
privaEdSEmnMPGPoQACUkcDGkFBbTArVvsEGd7C5wUM,"",1324631001000000,Harmonic
CfgRXmp1LEYr97EaT2RyoL2cSvtWgJh52Bes89RxVSoW,"Blockman",1316169814882915,JitoLabs
AMukCLCr52XxsEjXoDxKKxjNg4FpnsReXNaQx8aR6DJF,"",1298011913062467,Harmonic
8tjFeSApQ85ThoQXT28acfF2KUfQr3TvTdirSkzNnYC7,"",1277947950559958,JitoLabs
ChorusmmK7i1AxXeiTtQgQZhQNiXYU84ULeaYF1EH15n,"Chorus One",1276458419805420,JitoLabs
HLnodbYkL5PFA8hjAZDkm5pGzV7eLTvcs671AW2L6St9,"PoH PoS",1270903353161795,AgaveBam
EUcJwf7jXskRE6NZBtFPVH2EedNvNYko8LL2WT62XctB,"StakeBowl",1250007973669359,JitoLabs
5Us18hLZPXJTS4QVuGSsUw137Dyd2tgBaem24Xsf5nBS,"",1207979324911175,Agave
PUmpKiNnSVAZ3w4KaFX6jKSjXUNHFShGkXbERo54xjb,"Pumpkin's Pool ‚ù§Ô∏è",1206601297743892,AgaveBam
3psxMyr7rQzywVp1MXKd1XFmFz33NjydzCoJx9t2sMQW,"OtterSec",1093370747221943,JitoLabs
G2TBEh2ahNGS9tGnuBNyDduNjyfUtGhMcssgRb8b6KfH,"AG 0% fee + ALL MEV profit share",1089611855123644,JitoLabs
GmCxjmjKZoaKN1DKunbYq8RCYib94Nm3sHyncFfofaF5,"Rocket",1050714107458729,JitoLabs
G9vCpJUUSpEm4zPwzSNpDmZ8MGwLEbiSLV59EBzCGvzM,"AP Node",1029977710353025,AgaveBam
84gC25fbFKYueR9WEfreUysk1n3ZFxLFDDjbyqeqGpoW,"",1028886360216935,Harmonic
CwyVpfmfSiMeCexi3JgUNvaiDfYN14cLDjzT99zcBuD2,"Hamsa",1013942587043455,JitoLabs
fotby1ABxpei2EVH9uXJ6KbHYgPjbg4Sny9eRzQjtRN,"",1000001996434240,Firedancer
8uJiHDJ1b7UDQ4KFsQGJXK9nUCkokdKRJymg1Wy9nxvM,"Alpha",996224490762738,JitoLabs
DZv25oNCWFvGXu9tH63BiAXvG94syweGZhbvdN3HxDxT,"DoubleZero x Temporal",991114201798799,Harmonic
58KprHKFNHgH1Cvo4QwxWkDeJNaSQVteCoAAFUWjtESn,"Flash",987657544557240,JitoLabs
VQwCCSfW3o5NDx7n5FBr9SoYiLXVgetstHvaWBvv2YH,"",937976346549672,Frankendancer Rev
4SsMncJdtKiUcDtukkX15mqei7WiuQ9yvRtQrQW4reWC,"Quicknode",912707258930568,AgaveBam
FWwwP9tNttSy9dJFxwf6ebXWfc6VJXqFNMTccrMiLFTH,"Quatro",909703496883537,JitoLabs
t23p8aBQN6P6tziMuN5XPmzqVRrip9oes7KuQwSmate,"Solmate - RockawayX powered",904755003868631,Frankendancer Vanilla
AiDoLWFKzNxSXKeZ4zym2TEPkg6F4kQ3YBA8WhANVPEq,"AiDoL",902551999458656,AgaveBam
H8fHToVcZPi5bupGZohGPX2SWs8NHzgFKQ31wi5n6oux,"",880063215961917,Frankendancer Rev
vu1sGn2f1Xim6voHNLt4nLn38zNkYdLasU7hEr1TC2D,"Allnodes¬†‚ö°Ô∏è 0% fee",877765851108935,JitoLabs
CaveyttUBTKttncu1e4RF814XjuoGfYv8cEsiKGDNCPX,"Cavey Cool",876563635624673,Harmonic
Ha1iade1AH3B12K9SccfWoPdFtQKKQsj2ZyWwxcjqJJU,"Ha1iad3",850664333230129,Rakurai
BXAxLMMMUNYfC1z166VjWHR3WjTmqzLxB837o5ghmRtH,"",828549511368634,JitoLabs
5TGfVQV1S3wHE9hkgGaQkRoPC7xZxiqwMcjQZxVYsf1j,"Sanctum",827510078314418,JitoLabs
DB7DNWMVQASMFxcjkwdr4w4eg3NmfjWTk2rqFMMbrPLA,"Orangefin by SOL Strategies",823627041915584,AgaveBam
Ex1AxFCipXGfSxgvXPPT3nPQUARddCduHwKR6jHiXAaT,"",815816684852387,JitoLabs
4mtXJ5pUcMMB4t8cLbi7zfDJCHfYLRrQb4qSLmh57sKL,"",773004755244214,Harmonic
XkCriyrNwS3G4rzAXtG5B1nnvb5Ka1JtCku93VqeKAr,"Coinbase",770907230081795,HarmonicAgave
AicQr2zCWBLiBwt2r6o7iTemmtyE7q5pTKyuuupbXEQA,"",759850370392484,AgaveBam
7PdKhpKz7T39vZHFL1UfcYNDsLvay6hp4KPQq1aUckFf,"Alpha Pro | High APYüöÄ 100% Reliable ‚≠ê VIP Services",759130062155535,Frankendancer Rev
HzrEstnLfzsijhaD6z5frkSE2vWZEH5EUfn3bU9swo1f,"StakeWolf",741931257265508,AgaveBam
BGAjnivVWqLqByqCVT9dSyPUFicvyJrz7vRvrvui3SEk,"",729460253210753,AgaveBam
6yFGGAgYpBxgYPuHW4rv7hJmhKrUiXKyHkpVGaYtKrwE,"Watchtower",699270410724045,Frankendancer Vanilla
6XKqyUVUcpe3CNucjF6gk5zonJDqNGvob6kaTy4Ps1U,"Solana Mobile Validator",686257082809287,AgaveBam
HM1KjNaXa4w8K4gCXbieoMh5gUTNeUhg9fvdXMKeBW3L,"Hello Moon",678095662552900,JitoLabs
6xWLi1TDSh65fWsSqE1zdvANTSuVDRMx4ghsGJwgunS8,"Solana Validator",675378639927026,JitoLabs
Cogent51kHgGLHr7zpkpRjGYFXM57LgjHjDdqXd4ypdA,"Cogent ‚öôÔ∏è  by SOL Strategies",663493631655748,Frankendancer Vanilla
RBFiUqjYuy4mupzZaU96ctXJBy23sRBRsL3KivDAsFM,"RockawayX Infra",661569100821093,JitoLabs
HaLanfo94ezLc3JZ55qqxr7W3qbe1PprJyv2uEtriEqN,"Bella2.0",656167403779519,JitoLabs
5RvfTSowms7BTYaBj8SxVjj7ELAAKdQadKsuNpmBAwCs,"",649801397621229,HarmonicAgave
juigBT2qetpYpf1iwgjaiWTjryKkY3uUTVAnRFKkqY6,"ProStaking",645910036165577,AgaveBam
RNXnAJV1DeBt6Lytjz4wYzvS3d6bhsfidS5Np4ovwZz,"RockawayX Firedancer",634966756425671,Frankendancer Vanilla
HH5dA42XF1HxNk1TRpG6LuKfLViMYNdAz5iWrFM4hWFi,"Trust Nodes",632557987558580,AgaveBam
Va1idLRtYEtVFJFsvz8vtt1uCJgea4Q1zi2Rh3eraJh,"validator.com",628265057599462,AgaveBam
ACvL73V4GNnxPVfZ7K89jCrYurLyzpEuE9qirjvh2Xmi,"Kiln2",616366670672034,AgaveBam
Frog1Fks1AVN8ywFH3HTFeYojq6LQqoEPzgQFx2Kz5Ch,"Leapfrog Systems üíé No Fees",613012817726420,AgaveBam
BeaCHioStqCEFDFxKwAEzyrUPYxqnBPhJ98gDKeEiTPb,"Solana Beach Validator",610258327761331,Frankendancer Vanilla
fishfishrD9BwrQQiAcG6YeYZVUYVJf3tb9QGQPMJqF,"stakefish üêü",608462445823573,AgaveBam
oPaLtitM6cwpFVzP2rDhLsJLdY2vcbuZiJJyD1TFUKs,"Temporal Opal",602918548944706,HarmonicAgave
7Zm1pE4FubFYZDyAQ5Labh3A4cxDcvve1s3WCRgEAZ84,"7Zm1pE4FubFYZDyAQ5Labh3A4cxDcvve1s3WCRgEAZ84",601075494898200,AgaveBam
MutT1jxCXbRWJXpXoJK259gLrNfzDezdxS3BSkQAmv1,"",579474854631178,JitoLabs
GREEDkgav1ox1jYyd9Anv6exLqKV2vYnxMw5prGwmNKc,"GREED Academy - funding education",579168155781676,AgaveBam
Cu9Ls6dsTL6cxFHZdStHwVSh1uy2ynXz8qPJMS5FRq86,"Stardust Staking - 0% fee forever + MEV 0% fee",573727139649259,AgaveBam
aXiomFkk6VzXaBhPuhMqTLZZguCFzzbyP9LTtZ7ZHLQ,"Axiom",573381873792819,HarmonicAgave
G1bLKfyNm7zsmmYEL9dyxBvMtxpFcwy2s84bHDj2ZFUY,"P2P.org Turbo",558547632315746,JitoLabs
LA1NEzryoih6CQW3gwQqJQffK2mKgnXcjSQZSRpM3wc,"Laine ‚ù§Ô∏è  by SOL Strategies",557897377090198,AgaveBam
grptonHnt7YSmJokGK9TJJTBXDT8ca4LSWMHCCfzzPa,"gripto",557598125634344,Frankendancer Rev
23SUe5fzmLws1M58AnGnvnUBRUKJmzCpnFQwv4M4b9Er,"Stakin by The Tie",552952158247876,Frankendancer Vanilla
7EzbSahSfSjeRexHcNDLDpzHBAGBLjLKtjbmuoQnEtjE,"Gate Earn",548219332752945,JitoLabs
Certusm1sa411sMpV9FPqU5dXAYhmmhygvxJ23S6hJ24,"Asymmetric Research",539352663118983,Frankendancer Vanilla
DDnAqxJVFo2GVTujibHt5cjevHMSE9bo8HJaydHoshdp,"Block Logic +MEV +Triton",526442776701086,AgaveBam
7CR3Jq4ny2tsr3DX3DvyjoU8TYs776MGkU6nLMWjAqCT,"Bitcoin Suisse",519294341237672,AgaveBam
vALigXFg9wnnhVHN16vNxHxXtAXiBv5QjAE6udoniBY,"Valigator Open",494535449492212,AgaveBam
2mMGsb5uy1Q4Dvezr8HK2E8SJoChcb2X7b61tJPaVHHd,"Chainflow",489156393758873,Frankendancer Vanilla
7tqeaFKsg2K9xKnQWe61w71AtCZVMQvG4hbFAiFAngYw,"",488299361466803,HarmonicAgave
AqyRvpjjSN6jWYPxijoJwhmKwJFk6fRYDh9fQZHcJ2o7,"STSS Validator",476102842836531,JitoLabs
6M53yM6dsE6hiaHgxWvYa4fsfzQTGyAZn7rM6JrzbqJV,"Pier Two",466465906431516,AgaveBam
9USijQaAfSzw6gWbHNq68VVigmj3HvffDJYhbK4tfquB,"Lord Validates-a-Lot",457985384643302,JitoLabs
bkpk9KVsDRfrArzzmkJ9mPEvbXfQxczzQYR3QMGiR8Z,"Backpack",452015543284398,AgaveBam
4SNKY7GCp7ohY4AawND5Cc2D71sWMWN3Uifo854yvtks,"",450000011302570,Frankendancer Vanilla
E5UXkzUxqEXpeDf3WsrMZHTs2ZSSBpAz7G4hpGwgRGDT,"QubitNexus",442521666482218,JitoLabs
mineL1YNwcRnxN93B2sX6q22R11WfRqxnY4NBV8KfFY,"Exo Tech",437431388886926,AgaveBam
CVvaeDPR2o7P1eawG5c9TPFLzSXAewwPovPmREaEL4Cm,"Lion3d | 0% Forever + Block Rewards Sharing",436005096162886,AgaveBam
3RXKQBRv7xKTQeNdLSPhCiD4QcUfxEQ12rtgUkMf5LnS,"Chainode Tech & MEV(0% Fee)",429522964843789,JitoLabs
9WzPWqKSqbE5PT9hMsmCDFjzpurAXEYCE9qrpVWp28KR,"",421207721666911,JitoLabs
2Wf9V9rPeVRUTfmWdPedCJuWVr6MFfyLuigEq42DuMDc,"Blueprint",417660868735458,Frankendancer Vanilla
Diman2GphWLwECE3swjrAEAJniezpYLxK1edUydiDZau,"diman",410796747112257,Agave
anza1rXDVhy1NfVNtsbT3kSBh2jgB1BGZUKuUibSAJd,"Anza",406591423099629,JitoLabs
9iFPQbP1jGkj67sXg6YLLGRUBVEDMcapdS6jmCZSnz8R,"",404374952804492,Harmonic
6MiEjXqYksCtKnJpvAp3CAoEZnnWZyoSxu41HCzAYNdc,"",400492521655874,Frankendancer Rev
EfPYQ4BUMiKa6736qqrtnCBGkUSRDGSr1WvtyUgWHuyp,"",399458456684407,JitoLabs
soLStaCk5TiGCpeLKa9Fvv6f5JQGMa6S3uhLh826e9N,"SolStack",394973739003113,AgaveBam
DF1owXYZ1fk5vWyHJ8s1cJeAozgkqsi1JUVqvktqrpwd,"",393282859064287,JitoLabs
mint13XHZSSxtgHuTSM9qPDEJSbWktpmpM4CZxeLB8f,"Hanabi Staking üéÜ | Staking Champions | DoubleZero | ‚ùåBAM",383810934848169,Frankendancer Rev
UPSCQNqdbiaqrQou9X9y8mr43ZHzvoNpKC26Mo7GubF,"",379001907949637,JitoLabs
BfgMdL4FaNHp5zZpD7WMYG5sZUrCWQPEjXDwWS7M5q3F,"",374361165408932,JitoLabs
FyrwfMaomErzqrFUXMjCJ7mA4u81DsiDdrzC3MJD6d4j,"1dad | Solf√®ge",368048642043983,AgaveBam
8cqck84coxk8TGXYBD95QosKCEA6fKwXLevcEv3oGmu8,"Orbyval",367738674521578,JitoLabs
8vk6QpG93JSaQCSgnycBsv5qmfQBk4qC9FjNA35E5JhU,"Tinydancer",365095459371027,Frankendancer Rev
SLAY6uN1zZpXBTfbuDDCesNmM5D288xrz8uYvfS3n41,"Solayer Validator [5% Commission + 100% MEV Kickback]",362630305205291,Rakurai
Bi9kKNxfW2XqgCmLcuhHt6A3x55GuAGmrVZxRHLyVoQ4,"",362220977674905,Frankendancer Vanilla
BULKzVM41WAyQZfL34vxqdsYwEYH9mJAJyzRS4xraf8b,"BULK",358689697797413,JitoLabs
HLXxkmjb47spcmbbKi3UCfZ2qmFY29t8MN562AEmh2Qh,"üß¨ HelixNode 0% fee üß¨",353980273581808,JitoLabs
A4hyMd3FyvUJSRafDUSwtLLaQcxRP4r1BRC9w2AJ1to2,"Jito2",350321875990652,AgaveBam
hy1oMaD3ViyJ8i6w1xjP79zAWBBaRd1zWdTW8zYXnwu,"Hylo",349291670849604,JitoLabs
SSmBEooM7RkmyuXxuKgAhTvhQZ36Z3G2WsmLGJKoQLY,"SOL Strategies",349056001870454,Frankendancer Vanilla
FugJZepeGfh1Ruunhep19JC4F3Hr2FL3oKUMezoK8ajp,"Temporal Topaz",348841592961170,Harmonic
CXPeim1wQMkcTvEHx9QdhgKREYYJD8bnaCCqPRwJ1to1,"Jito1 (Experimental)",344064353142293,AgaveBam
3cZSHGfNdaULpFAvGbWbxpVwzXB4gHdk8NFucPNR5pgA,"Ghost",343400765910670,JitoLabs
2dfgsiSaZ51QYPsECMYMG247PXxyKdwkV9wTHoQb8YEC,"Astraeus",342845571878584,Rakurai
5d9Mdc2Zk8as8GL1AxQeXxv5htBBvC5bjfmsXC7UUWwG,"Maera",340669668488831,JitoLabs
MARiKM3t7pDCyXtvLq24ErWDAvYu84yXqCthkR1GS33,"üßë‚Äçüç≥USDG rewards (7.04% APY)",336326230539637,JitoLabs
mds4GEuiSgQRqveGyktWpETBFCb4AS2wDnhqwLHcT6Z,"",331315108584450,Agave
H9ENbtmy2tWFtAJNmpC8xQtbcr1NTp4FXLdphRaG8L2T,"Bubbles",330114900404871,JitoLabs
BoNKmNCGvoHS4CkKvYRnF21iEpUP827pZjhFGdA4t5as,"BONK",320113373709922,Harmonic
5MAGJ3zShtXMMVXjZRoFqtFF7XhP8iLSyZrxdL7KpjcB,"",319429851241976,JitoLabs
6vG7fgweSfvY7JRViG4HwKgV9u6JKhMpf2bqr6TKNjUW,"InfraMesh",318536557087896,JitoLabs
3s97yjq2MhoPVPC3U9VeE3Z5S643Pweovg88ysvrQPw5,"Starke Finance",316886762853351,AgaveBam
4XspXDcJy3DWZsVdaXrt8pE1xhcLpXDKkhj9XyjmWWNy,"Ubik Capital - 0% Fee, MEV",315603718198597,AgaveBam
5ikB9XZNVsjwKb6hHT3FS3So1Z1SrDvU5yaniWEQyDEG,"",314634399823351,JitoLabs
Ste1115xFGdAYK5jaWA3dEFcUc1S5jEbVvD8e327zty,"Stellium",311866782487894,JitoLabs
61QB1Evn9E3noQtpJm4auFYyHSXS5FPgqKtPgwJJfEQk,"Pigs in Blankets",310375663562493,AgaveBam
2Mob8FJkb8chZY5pTBMpKfLwgZAQHE5i9jAC5zbASitD,"",309889991378446,AgaveBam
ANC1u9sY36q3mi2MyVhtz71un8yLgTsFBUuyLcSPzKsk,"Anchorage Digital",309245236204172,JitoLabs
GkFT5nmcFVmJiLwuE98PjdF3LReMeq4WbejFHfwrnsgw,"KAST",308156092640024,AgaveBam
D2RV1q6FgePVVjrMa7AMzVbvvAeg5oS7TAV7qdNKSDsX,"KlaustinMB",306425175453764,JitoLabs
nymsHergYedT9CJMgtGMvqXUTGcbs5o3MiWTJUbqTGY,"Hypo Nyms",305222966404185,HarmonicAgave
3YVoK8UN62dyiPZnGBzBTkGdwsVmmK1MpRoLcxNRs9BE,"Calypso",304115622122886,JitoLabs
AHZxzLeRGRfNVFrCmP58iJgEwbcXyZeAkZ32CmbfEmYR,"",299997995434260,Firedancer
2oHUYyW2PU9VJh4XBs5TbGgzdernunvGqyKth3kxW4ns,"",298215460104719,AgaveBam
ALPHA6rdHZkx1om79xp47vX1iZXcbM3qfEwLyttZ1T7R,"Lifetime 0% fee + full MEV payout | Alphasearch",296936147795820,AgaveBam
CkCMabrc3HgBgDkeKPXkbWuQpUuSqW7zs1Mg3HFArx61,"Sygnum Validators",296087596011678,JitoLabs
5VrW7YNBccVnhnZVmooCePdLFcs2UjfxRT3hoY9mN8Ec,"Appleyello",294029596744739,AgaveBam
spcti6GQVvinbtHU9UAkbXhjTcBJaba1NVx4tmK4M5F,"Staker Space",293875019757326,AgaveBam
7GkMBmtrTZz8QbjSe1sXvAUtz7Pp42SQxfT5ymmJD4We,"Phantom Validator",288418703775126,AgaveBam
9AW87WqARQonyJYhx1G25fKfvjURFYVmHs79z1NUXDPD,"üî•Aurora staking",281858024170782,JitoLabs
HT41udB8mLZZf7tev9tUoHYJ41TP8GWZ6zFMbjiviXk5,"Neumann",281297767237966,JitoLabs
ETuPS3kRfLufz5VSYN2ZrePoEVSZSpgVPKz3MUZpYe3x,"",278897508827188,JitoLabs
rsbp8zMHbGCpLoRktmsjspYv77VcjxAzH1KxPCD9BiU,"Albert is Great",278059581618033,JitoLabs
EQhTjikb1L2jvxsCaSW2o2TuRXh4Do6HzBEWCxpeM44W,"JM",278010317327852,JitoLabs
3B2mGaZoFwzAnWCoZ4EAKdps4FbYbDKQ48jo8u1XWynU,"Low Fee Validation TOP API üî•",276921653199972,JitoLabs
32ke3uf1qL3xLqbwzU76T2sbG2XaJrGuSCNdUnien3zm,"FalconX",274080424595700,JitoLabs
9gFxqsXbFyrKXUkqpAatonn47uYZ7sEZSnMxhzQoXrUJ,"‚ú® lux8.net ‚ú®",273456653777430,AgaveBam
LeDbQ99QT342j9S5YdyXLrsq2Gu3T3dMGajExdAuE3V,"Ledger by Chorus One",272462128895575,JitoLabs
7Nn8qBJey7vXtVFMNBbbuN8UkujU8Y6nWzbHVGuf49yV,"livechanger",271210933713083,JitoLabs
5tfcGyf3NQFcufDigvbRt9kWoVN2KPEkBRUY3UaC3Zwm,"",271167051442268,AgaveBam
Mwz8VgAEnPtfqS62r3ixrFiMJwnNfEwR141CGnsTo5k,"Rain WorksüíßMEVüíß0% fees",271159492461419,JitoLabs
5essVpBYvocZkQnkrWsMDfRPwtp4BeihJRaweKLR4dRn,"Certora Validator",267326378451414,AgaveBam
HcZvwZ83PfjrQDiq3GLHxisTs17aGURs6bJ2LwtmL4qv,"SolGuardian",266788253576926,JitoLabs
8yjHdsCgx3bp2zEwGiWSMgwpFaCSzfYAHT1vk7KJBqhN,"JStaking: 0% fee ¬∑ top returns",264887849435154,AgaveBam
EdGevanA2MZsDpxDXK6b36FH7RCcTuDZZRcc6MEyE9hy,"Edgevana",264259662908929,AgaveBam
AoUwfPuiEek2thVRDhMP7HbQb9rguyab4rDiz2NAfwwA,"",262600597796423,Agave
BeSovDCzhEAfgwDyXBuhmCFKsu5WQ3PaX61GEfteNzXM,"Yonta Labs - LST 0%Fee MEV -",261870526901091,AgaveBam
radM7PKUpZwJ9bYPAJ7V8FXHeUmH1zim6iaXUKkftP9,"Radiants",261454168140533,JitoLabs
DViARWAWKkxAzp4UCgbw5B9pLSrBY3PaztFErcwgVUKX,"Code-Breader",261319576061118,AgaveBam
CEL22Qx7p85qY6gmhCZaYJrrnynJitkVRMQo6qZdT8Ns,"üöÄüöÄSuperüöÄüöÄ Validator",261190003349314,JitoLabs
THWsLPufeq9LWs2H9vYPbtFwdxAHbQHvSbT6pztG8x1,"THW Validator",261044406610649,AgaveBam
6k5hZkHGa4x3xEU7Wz2LxWwueqZtVvX3fpymGugB14yB,"",258045339010440,JitoLabs
BCeczqpTRPigndHVJu1KEzno1Uhb4hjrE7ttmAndrV1p,"GlobalStake [Bare Metal]",257819914405840,Rakurai
qZMH9GWnnBkx7aM1h98iKSv2Lz5N78nwNSocAxDQrbP,"Spectrum Staking",257468952272516,AgaveBam
3KiDz3wuZrJfsgKt5KEvRb1WPpbci1PWj78aPVF5ei3F,"Nemertes",257115544306725,AgaveBam
57i31UEyDg4koaZMZ1wAHbYuezXv3AVaHtvJgJarxt3f,"[Public Good] Chive üå± - 0% Fee + MEV + BlockReward",256856147548903,AgaveBam
8ZQg3K1V1Z2BVJkjmnxpi43WKhjPGXphzu5QmBkJibSP,"P2P.org Labs",255754218069395,AgaveBam
CTDGxTK789ZvhgyHZHtSnxTtysbyY1mrywXEJiYYqXxC,"Cointelegraph Decentralization Guardians",254327044354940,AgaveBam
Lake8NXDThihebhxS3Js7mFnj9fthmus93zEdsFNrsL,"LakeStake",253299301330473,JitoLabs
D3htsc6iRQJLqCNWcC2xcZgUuvcd1JT8zoYNqraNcTQz,"picoüôÑ.sol x SOLPLANETü™êüöÄ",252580538251755,AgaveBam
phz1CRbEsCtFCh2Ro5tjyu588VU1WPMwW9BJS9yFNn2,"Netrunner",248431669785996,AgaveBam
PAWsME7oYbjt5TRNc11mBa33JhKnQr9AYherdr9YAZ6,"Pawsüêæ 0% Fee/MEV",248186832703301,AgaveBam
9GHvMeJ4ZWuAX6sDGscFL1TBMszx2EehnrcTVUy4MZJQ,"",247962680789823,JitoLabs
9bkyxgYxRrysC1ijd6iByp9idn112CnYTw243fdH2Uvr,"Legends",247750475637364,AgaveBam
PAD9aPiKJGcbGxuVLbc8o4Vf65GPq3fJQ7PkHWuX6a8,"BlueLotus üë©‚Äçüíª",247477735500792,AgaveBam
bxrAptB5ZpZBhoLedJpoGWY5hBjjt3zvVBr2323Rrq6,"bloXroute EU",245085502747428,Rakurai
BUokhb8pPF9MZuzW3rHLr6jzakgcz3NDq2PZkpiVv3jb,"DeFi Dev Corp (NASDAQ: DFDV)",242993123622985,HarmonicAgave
KoLibrJsbABbtmtFPc7nPvDxT81rc4UPM7mY9xSLjpo,"Kolibrio",241366240640029,AgaveBam
4b1onMDEasBh4BuPekQWijx3BYR64hAE1z2jJyeZUkck,"4BLOCK 0% Fee + Jito All MEV",240967731239929,AgaveBam
simpRo1FrQYGa1moicfgnPDp6KyE38d4gYrZzhjXYJb,"Simpdigit",240681700431100,Harmonic
SyndicAgdEphcy5xhAKZAomTYhcF8xhC7za2UD9xeug,"Syndica",240163234769494,JitoLabs
Ey3DkEVbfBxfWmkTsG7Hqj7jshYf5Zx9H8462Zjjkykf,"SolBrothers",239710000646039,Frankendancer Vanilla
2mDrrmhSzpSyaF12izGk8hnFjtKCGeCFPwQHpRiJDby2,"S4Mar",237123880535004,AgaveBam
BNtHBLo1L2vAG7PBQ6mJvWz7GqVPxBnioXsY2Gjtubrg,"CatalystX - Innovation OnChain",236727172433584,AgaveBam
8AkVj5aAtJ27tYXeq89cnSf68V43NarFHMx2iSDjZv7c,"Theta",235182472994334,AgaveBam
PRGNnb8DxVcP2WjSHfVRGgc8SkA5u6dbMwoTVV1BGKN,"Paragon",230461618201297,Frankendancer Vanilla
2gDeeRa3mwPPtw1CMWPkEhRWo9v5izNBBfEXanr8uibX,"NuFi",229931081234244,AgaveBam
44VSCibTpr8Fn1Hk8fazhkuSrrSTYZX2f76b2xqKPwmt,"",229258522031813,Rakurai
BR1aTt4ZZUCwWJDkSYf1hqkYJjo7Mb7Ar8iVTkeSwUB8,"Abacus",228054178135759,AgaveBam
Tri1F8B6YtjkBztGCwBNSLEZib1EAqMUEUM7dTT7ZG3,"Trillium: Stake, Earn, and Fuel Solana!",227963757077648,AgaveBam
gridqZmeBcsUKT2Mv4M9YFHFN3tVLFb2TCtTcLD1cAd,"Grid Systems",227910868793108,AgaveBam
2t53LvZfskcpXkdwLaBnfZLbNgyVHPu2BNFpcRBaEBhM,"Kevred",227612461677645,AgaveBam
AsMpvJ3DZ2Ydu1WTRMAyMH4QjSLiUG39rKzfzvtE1bWr,"Nordic Staking 0% fee top APY 2+ years",227137107073987,AgaveBam
yJeahQNRHNWtL9Z1SqPX3SBwTYXr5ECMYYVK4uYVwxt,"Dosirak üá∞üá∑",223559486023801,JitoLabs
4W3jdXyqhLCjzA3Liu8ZNjViwrc6N9YjSB7obbxfjcKE,"Glory to Ukraine",223236440699600,JitoLabs
1KXvrkPXwkGF6NK1zyzVuJqbXfpenPVPP6hoiK9bsK3,"1000X.sh",222020888355341,AgaveBam
5marvipGzf98hxnoJFXsZbGHSXcEQ3yRGJ4ps7D3V4ou,"MARVEL+MEV!",220833294234314,AgaveBam
HVXXmNKkmDZbZwj74iL2Y9Wu4SyrchBoxAfFYVAktLrG,"fat tails lab",220622809762714,AgaveBam
SELEXm1aELCweknS2tsG6A4WivjVvgrTWn9doHNLj66,"Selex Validator",220354361505115,AgaveBam
puffinQSvKFriPbyE5atyx1ptfnyytovbzxybr1jsyy,"Puffin",219873166547065,Frankendancer Vanilla
8GLRbAstsabZuZUx73AoyfGi1FRCWSUhRgMugFyofEz7,"Syncnode | 0% Fees  | Genesis Validator",219512042955757,AgaveBam
FACb6bbTDRBHCK999V8ox8jga5JBnt1r3vvzmAYAMv2o,"Lantern",219317645307935,JitoLabs
DiveRaPKviyDnQyiiMFdV4rujsCBJzMNvPjKfvGNLGvL,"Onchain Divers",218761009586516,AgaveBam
HMWXfjaeSHhww1wvdBhqhHVP9v96mFB4LJ9xP2MXbDGH,"CyberVillage",218650792225650,JitoLabs
8n4pc4sCJtBeLfJdGyJn6EcZuhtfTiepRa9ExdJFdmEN,"Pier Two Infrastructure",218225532624943,AgaveBam
popscoyTKVksa4TyTXw488b3vvFxM7qQEyTBeMQopKu,"P-OPS Team",217640125551098,AgaveBam
AEAJtnjjB19XFreJH21UP8rfd12f9kxMmngwZG3tGXbP,"Black Sand",217338801686370,HarmonicAgave
43Am3PKFeo9cACpqYL5Sk95rpVdxLw3Mc22PqRqZXEW2,"Titan Analytics",217151652197694,AgaveBam
SLNDCSGTEsA6KHpgR32MBt9UAurZnVSJGUtW2tRpdU2,"Solend",215652526512945,AgaveBam
mXv18ov8qCiQGs3ieoen981LdgZzYJjJak6reK6fpNC,"MX Validator",214797743916956,JitoLabs
BiGcsiuFCLuiTzXoQgfLdge9sfpwr55YzdT8Kp7bCXmS,"",213911525246592,HarmonicAgave
AwcMVMvmT1aCETVYV42WE1cSMCyNp4vZqVjLsvs6dM4o,"Beachside",212740443301523,JitoLabs
sbidYi7fbif6qNsMpwBKvyF5DKcLCbjaegpADsKqNux,"SolBlaze",212314541731588,AgaveBam
F6kVwubXEfZZo6e4Kozrtg7WoWk5wTRmrC8pwoxSLa7S,"",210702465363826,AgaveBam
7nzTzRZzezmugqE5ZjHRMxarhXunpwZ2PUdjV7uYzt7A,"Solar | Empowering Youth | 0% Fee + MEV Rewards",209581694418869,AgaveBam
CPcDFHCAKkr5Kp9T5aQWJhXV5J6iFj141NMQ87L6poPL,"",209422193009540,JitoLabs
forb5u56XgvzxiKfRt4FVNFQKJrd2LWAfNCsCqL6P7q,"Forbole",208035042347772,Rakurai
D4r6Rcua2L7nHHhdaiZe2k2bTfPg2WQqcNYpG6bugvCG,"Limitless Systems",207682399142404,JitoLabs
8pyp3vfVPRziYdAYEyqkwytdBbdVbQmHqfQAVDcRV3w,"Rustiq Technology",207628815229759,AgaveBam
91oPXTs2oq8VvJpQ5TnvXakFGnnJSpEB6HFWDtSctwMt,"Stronghold",207481103170112,AgaveBam
ABC1U4cf9DZMwqy8ktEr4WJj8VHmVBQibbC57gEJthwY,"algo|stake",206240122113221,JitoLabs
3tzpLMWRkWucvTRWU5PjgKzN1iwJuV69yCCjmuuo4gTk,"TruFin by Twinstake",204473121500760,AgaveBam
vahMVcSS3v6uwyFormV7FDAUbQSHwmy6vUedp1P7L42,"StakeITeasyüöÄHigh APY + 0% fee‚úÖ + MEVüî•",203976586000928,AgaveBam
mD1afZhSisoXfJLT8nYwSFANqjr1KPoDUEpYTEfFX1e,"Block Parliament ü¶â",203034407463619,AgaveBam
UMi1r5J3SagSu4HC3waB3YFzbXi82rRSScgW2e8NTfr,"Michigan Blockchain",201762883874370,AgaveBam
BADc8V9fi8KsZfF26K6DgZsywcJYZTX5EW5jypnVCB8d,"",201541807637851,HarmonicAgave
ArMBx6veRq33ffEP9sxHafiPRgrtzww4XvbwZbSMfXiM,"Luke",200142812035168,AgaveBam
mastWEbKEMjvBCd1uaUBpNjWcfSPhXMWnH9tTrgzn1g,"MAS DeFi",199945776524767,Frankendancer Vanilla
CVRr5oHCAAooVbYze7CvXtRp4FUtkMCSqBZU7MVu8v8e,"Coverlet+MEV | 0% ALL FEES ‚úÖ",198863424656688,AgaveBam
MagiCBYNPD9iTBXqiFybAFCREQzG6MSM4LmFLXQZxuV,"Magic Eden Validator",198569260196761,AgaveBam
3WDh9HgusCujDmXCVhophLrHvoKHQd1Sd4uFHz1Awo35,"Absolute Guard",197169123168377,AgaveBam
HyperSPG8w4jgdHgmA8ExrhRL1L1BriRTHD9UFdXJUud,"Hyper ü´®",196749998431442,Frankendancer Rev
73hojLdq1vZDSxeVQEqVFJ4iwLngdvEJPEpEHkSdv6BZ,"SuperteamDE x Staking Facilities | Public Goods Validator",196653905513994,AgaveBam
sTEAKPk59EtPPbixCweyv6oRLNCDEE8pnnef6gUfbiW,"STEAK.NET ü•©",195816427689392,JitoLabs
NdMV1C3XMCRqSBwBtNmoUNnKctYh95Ug4xb6FSTcAWr,"Neodyme",195413370466019,Frankendancer Vanilla
Stakex4B2tpDHPWGvV1dninfiaYCGdakgTknpzPitLh,"Stake.org",195350673806465,Rakurai
CjmXSapt1ouz3CZzgkRJckBEwMSo5fVdVrizLeRscwYD,"Mad Lads",195191088305809,Frankendancer Rev
NordEHiwa6wT5TCjdeWJzpsA7DSmWQPqfSS7m2b6cv3,"nordstar ‚≠ê reliable staking +MEV",194487777083361,AgaveBam
G4GT8z4AKWNoy3x6nuzxW83UfFXLXzrwn7DZQt4GvWdU,"FREEZZ",190854107052992,AgaveBam
9FXD1NXrK6xFU8i4gLAgjj2iMEWTqJhSuQN8tQuDfm2e,"Grassets Tech | Jito-BAM | IBRL",186997573775517,AgaveBam
VALiDcyCpujxjJAZDK2av2TpMAigpSodzj2ApqgR4e6,"Validators.link",186593905635721,Rakurai
KTMkUG8WCw9FdH44jLMBpc1teGafnYL6SgP4fHHbsNM,"‚öîÔ∏è Epics DAO ‚öîÔ∏è  - ALL 0% Fees ‚≠êÔ∏è",185795130726152,AgaveBam
97jbhVBYcSmwGXjrx5PPWXucDsVBqwyoQ6rzP3B6eeMt,"anarcheuz",184922793593165,Frankendancer Vanilla
4aRPyjsqqFsf5488a9QAaHJLQJMGwoL5P6wRtLmroe2d,"SoLove",184849570888996,AgaveBam
vvvvbtDs9HsdsE6NskZMnb1RA6muoud1ChQuiF9QhSM,"Raydium Validator",184760304031886,JitoLabs
ciTyjzN9iyobidMycjyqRRM7vXAHXkFzH3m8vEr6cQj,"Phase Stake",184394879512068,AgaveBam
CTwsruptUccEtZGNxBDbuusHYxkBX3P6ndrxVjSG213y,"CryptoVik",183507817729088,AgaveBam
7mF8NZJdREuM1uwYcvKffuY9QJBEoHhNp4hZ4NS2fuXW,"Meria",181891507584232,AgaveBam
Av8EnYrPBnSJHK5e2wmTdnCpSy7nzmBgyFaUKSyLnBfe,"AndrewInUA",181351239324118,AgaveBam
Ed9WjPnZfAXsPttcqxMwj94qsuXVRyBsyXnDkxFva2Zv,"Rakurai | High TPS | High rewards",181333811914908,Rakurai
adramSYKBv1yHoZTub4kepcmF5LybPxwyJcsz4fpfi7,"Adrastea Validator",180577150844048,JitoLabs
nebu15XQKGpxzhhckADBX9PgvGN5qk9RRJCFLKc118w,"Nebula Node",179944060798225,AgaveBam
HrpWeJSYnQVtZe3BKxFCBrAEr8GRCmYUbQev4hoGDBs6,"",179500352275036,Frankendancer Vanilla
idCE5k2BtTpwXdwAC7Var1enT9reut9fWECcxQP7LY7,"üî•üíÉüá∏üá¨ CeriumXYZ",179168610218970,Frankendancer Vanilla
8ebFZA8NPLBZD91CwsG1HWQsa2B5Ludgdyf5Hi3sYhhs,"stake.systems",178827701074548,AgaveBam
FwnWx7x99rGwLmipzz8ii15NqcHkKRo2oS1Y7j6LivgZ,"Prompt Logic",178611597380917,AgaveBam
SFundNVpuWk89g211WKUZGkuu4BsKSp7PbnmRsPZLos,"Staking Fund",178604989986846,Frankendancer Rev
BitokuDHQiAhpUKrwx1VssAAoW5Rst8zB6gpfoaxM3Kh,"Xandeum Labs low fee + MEV = üî•APY %",177371857307298,JitoLabs
ETcW7iuVraMKLMJayNCCsr9bLvKrJPDczy1CMVMPmXTc,"stakeware.xyz | ferric",177292755838953,AgaveBam
4vcmYPfLztUckU3c3FvXDwSq8aDNDqwEpvEiqAv97LGJ,"",176907299352875,JitoLabs
fdzip81euDS8jEZHx5H1mn27zGVMLzkgpQuzYRBfBYG,"fd1.zip üì¶",175512689304794,Frankendancer Rev
AfZTWYoFQbzqCMmUBTD7XwxFvjob1FVyCvkaXRryxtKc,"Digital Energy",175085035357305,AgaveBam
vaoJKVZYPAsqc52T2nNQhABR1gU6Cy2koDKfCQaEiva,"polkachu.com",173915121983647,JitoLabs
ADjyeNzWd8yhEjCVyAqT87eqoyGRbimERQsNhFQcXjop,"üí•InfiniteSOLüí• 0% Fees",173820646024071,AgaveBam
peNgUgnzs1jGogUPW8SThXMvzNpzKSNf3om78xVPAYx,"PENGU Validator",173736294186522,AgaveBam
4DraK9wUrMSpzbGjUbSWTHAhJimMyB49HyKhvfwe6e51,"Y8 Crypto",172192473697001,AgaveBam
EN5F2BU5juUEWr9zRNNqKuQMi9zBUY1YLPHV5EyMrvnW,"SunshineVR",171222666859021,AgaveBam
SWiz7QwnYPm61pWWUUkMhj4r5pZLP1SvYibdHcB2cov,"BOOP Wizard",171061165246861,AgaveBam
DCdTPyDbXNHrmdv4ZyPPzEfY4mPAqH4hDPtowAteoNgv,"bloXroute US",170968808015441,Rakurai
bay3wXfJsu9ds1zQBoQQ4DUwFGs3NP6q4gca9WM5G1z,"Bay3",170841637491514,AgaveBam
2UBhtRuyr9nvWsUnrbWrvJiYWEU8TVBD4PLYQJKiRa9H,"Luna Labs",170537818786349,AgaveBam
ECZx4Dfyn2o55KTYbM9r3Dt4VZRcrdfdrst7sUbWgrdU,"Orca",170207196947476,Frankendancer Rev
6k1YkmTKwPRUhChnxA9ryJmbtuQMbro4xFTL6mL9jycB,"Sign Labs ü§ü",169927804594003,JitoLabs
cybi55ebub37HZW9YmRaLh59Lh3kqaLTsEBQwW6vFkC,"CyberAlex üëë MEV",169600635653768,AgaveBam
zeroT6PTAEjipvZuACTh1mbGCqTHgA6i1ped9DcuidX,"0base.vc üá∞üá∑ | MEV üî•",169599163512249,Frankendancer Rev
3CKKAoVi94EnfX8QcVxEmk8CAvZTc6nAYzXp1WkSUofX,"Solid State Nodes",168999544648888,AgaveBam
RLMS1pv3YKi7CSUCKTNcFN5fFkXJc2SmCwPhbQpqZJo,"Realms Validator",168442952656789,JitoLabs
SscQkTYV2BFQYGGffAmTzvefrFrw6z9GNYiWHstVZ77,"dogo validator",168269310739851,AgaveBam
4QNekaDqrLmUENqkVhGCJrgHziPxkX9kridbKwunx9su,"Stakeconomy üöÄ Jito MEV + Triton.One",167506228764237,AgaveBam
ALp2GdA1eJV8vZHMHazCtTxNXe3BLUSco9LDASgjDs8R,"üå∏ SOLGirl MEV ‚ö°Ô∏èüë©‚Äçüíª",166485798550508,AgaveBam
BPKAfGkkzF5u1QRjjB1nWYYbPMUCMPJe1xZPmwEMNMCT,"GateOmega | SolCircl.app",166019249700262,AgaveBam
8Yq98CFAorqAc3CN7XtMVgKLrBc78wsBvjhAbFr4sNQ5,"MightyMooseValidator",165890284739389,JitoLabs
9dH6wfdJVgnDcbCUjT8rkmejAzTnGQaFarmLfvBYXANK,"4CRYPTO",164355849995516,AgaveBam
9q16BB7WGmBxf1nJTdxH5zPnBUhtHqdqXqRFjSjuM4k7,"JDO Mainnet Validator",164124022826842,AgaveBam
GFXVa19rX6iwfs3sLS5UvX9Exu2usRsG4V5MRMDRo23V,"GooseFX - 0% Fees",163791480811820,AgaveBam
FdH9QEQBxPQfaF2JpcjgdfcMnDb7rjZkCDRCWLRjTQwj,"Solana Ukraine üá∫üá¶",163562097181911,AgaveBam
nSGZ3tv2UhskkPqiB666yDVj7PTi9qKgDqvjHyw5JgM,"OranG3cluB",163233756559430,AgaveBam
5ivRNcK1yThcK3koZR1oikAfuNm6rj1LceMskayoVSzc,"",162182429756626,Harmonic
BuoZ7q6faiJNTN24r7Kcj8dp96axs5XPEKXmWGsh2pDE,"",162064224191536,JitoLabs
JC7bH7HSZoDhwggBXtRF31cVt71WiizY2J6YDDQfG5er,"Valid Blocks",161587635636522,AgaveBam
7Hp1e6BrTBkbBN4wFiNmycPVPsjvyUUBL2tGhYEMT6gt,"Bandito Stake",161407002451078,Frankendancer Vanilla
11AMA4mnNbsrPQeuoNN7uiZVJZtqEzQHrTfa5vnbcjk,"11ama Validator",161146508013129,Frankendancer Vanilla
9UbU7oaVXX6t7bMthxzzGPnWumFNxoWqUwX3qsrxb4pp,"",160639884539175,Frankendancer Rev
4VrjyXQT61WFSjuG3ehgqZUK1jqvYqB46veQbXLotq3n,"Vault X | 0% fee +MEV",159238317760712,AgaveBam
GRT7yrpfF1TEvp3RmCzu5YZ74B4EueVMPg5NYtSiPwtD,"Tramplin",158999495031204,JitoLabs
5AsoSeQtLoN8eLsf3wKrR3LwxHME4sTBGR6dpTCP1k3H,"some name",158931826680659,JitoLabs
6xFDLX751L7H9d5fQT9sf2SM5RWWE9LDgqz25pPDbWoJ,"TdrSys",158896936697588,AgaveBam
74Xkp2iLXm315h69sFRiCFjmKnaWkMV8W2LgJwPRSgN5,"",156964975411142,Frankendancer Rev
BLUEHGDihXD9CqqC5XFSQzDC3aS5jASohb2BAsXaJokR,"Bluestone üíô",155816245226080,AgaveBam
EdFUcP2f6j9iBg5BqsgJn3WDr1JieiKCo41hZ5Zrsk6w,"Bitget Wallet",154744512357760,JitoLabs
6gnbmed7kzwQVQ7ghsjgEuCoYmGeWciV2qCwni6WS6HU,"Capital Alliance üî•",154473424035422,AgaveBam
2P9ZYA4vBoBBr56hrEFTmrd5ctuz3r7wtvRYmbgk6jRL,"Sunshine",153496528515852,AgaveBam
WUNoB9YQXmXXRcJsjY1G8PfVag5aAfnyGmFd6YwJVwp,"StakeCraft",153481599151020,Rakurai
8T8AJfUCXwPFwEMmjca8gCRSktPrqbUBVa6ggNyhLhFJ,"StudentSOL",152130686010429,Rakurai
2kVZVTY8FMRZ3WuHzyqNz8qd4Ytbba9f9DaesUm5WLvR,"SunStake",150802339467813,JitoLabs
9pBHfuE19q7PRbupJf8CZAMwv6RHjasdyMN9U9du7Nx2,"H2O Nodes üî•üíÉ",149038420454449,AgaveBam
dcntruDNP5SEcGV4RxnsqXFURdDZGT3DTQv68Q8H7Vu,"Decentra",148887609989618,JitoLabs
7VZM7YHcX73TpGoXDeBu61g4QKC86GwAEnew8dA7Y2xn,"BLOCKSIZE",148461889806506,AgaveBam
By8MseMKtZQQaQjMHJiyetmc5AC8RZZv8C2ss33ktrHt,"Wave",148402442142315,AgaveBam
EtoMApqP2h1vVm9XLTTp5HERNezm5btkqrdAGQ9fZRnp,"O'Solemio",147931693804362,Frankendancer Rev
PKdLMugp1Mf88Ji1GkdqRDBewaUh2cqg79CBEo6eJoQ,"PK",146589011099078,Frankendancer Vanilla
5ghoFEVrsXeAPB6SUmBpZ2xq3KvHEjNMeSaBnxEBXkHV,"DarkTower",146560932533241,JitoLabs
2zykwzzo1pd3H2oSj5j5SRLTvmpa9Nr2S2Bh8tTVd5Tq,"zim.one | 0Ô∏è‚É£0Ô∏è‚É£",145695608718515,AgaveBam
mrgn28BhocwdAUEenen3Sw2MR9cPKDpLkDvzDdR7DBD,"Project 0 Horizon",145505796975321,HarmonicAgave
jagBNeXYncnn1hzwSq1JJ16XhWTgQ7DCFVqndSJZ6vT,"Jaguar",145092683611979,Rakurai
Fudp7uPDYNYQRxoq1Q4JiwJnzyxhVz37bGqRki3PBzS,"huglester",145010859135384,Frankendancer Vanilla
capyS1jerxhFp1RehdWRG6kbWi8bnWF3fkEG2RGLsQf,"",144307547960187,Agave
A23LfQn6khffj2hGhGfXr6P52W2pxrVcCaHVQLYQgiX2,"vladika",144062924670515,AgaveBam
gVALrRd3xq4D62KJNGDCpMMGz976w2x1Vo79mSNn4bh,"Guardian Validator",143786836138262,Rakurai
5XKJwdKB2Hs7pkEXzifAysjSk6q7Rt6k5KfHwmAMPtoQ,"Moonlet",142884672200309,AgaveBam
uEhHSnCXvWgtgvVaYscPHjG13G3peMmngQQ2ghC54i3,"Satellite Staking",142582860296127,AgaveBam
Fb77sbwgXmtjmkjkaoSckGp5yg3nqdtD8zf1dyxxiCSf,"GXFC Validator",141861854328325,AgaveBam
YuRBAsy9Stw1u46A8dMp7WQVBFweLP1PKuYibzYAMmQ,"Yurbason",141378633965807,AgaveBam
Crg1X8FftV44NmwfFvgREjanBQmyyS7NEu6duLU7Cyy6,"Chronoflare",141361114291211,AgaveBam
Pid6HQnMCFb9izqX9i7X6ePdUPieGmjHoPxC1Jfooix,"Pine Stake",141245350155685,JitoLabs
9Wmaz9VPpEnH67ZqrvYd9bcH66DtsGaEKcSQE1ac5wkf,"LumLabs",138522823274126,AgaveBam
8uPW9msN75rfaKiwy8y8NxEX5zSk2WejtVv5YhZr3jCo,"Lumos Maxima",138334627290520,AgaveBam
7PpXQgDb9eCHN1Uudgi77Wm89cRz4T85YgDw83qvaJXd,"Nodance üíÉ 00",138231122490618,AgaveBam
CpuDNi3iVoHXbaT8gHpzKe6rqeBasoYjEKi21q7NRVJS,"val37",138178357199510,AgaveBam
Hj2jzpAp57KyM3SmnYwJbDVrQ8tTWizMon2hhzYzwxet,"A Unicorn Julia",137451382546110,AgaveBam
7G4RfctwLLgqG4ZWfCirU8dfJd87mKQWgB4EHQRv8i7v,"‚òÑÔ∏è The Mandalorian ‚òÑÔ∏è",136848261642695,AgaveBam
2jS8AX38m8F9C5juToW1FmTufEbb1DfDzZJj9HSJcWwo,"0% Fees | Easy 2 Stake | Jito MEV",135737409496587,AgaveBam
Ee8dX3qtwrDRnxYK6NGQfmMeKT3Qpp2QZHpxiAiw23W9,"StakeNode777",135329889124755,AgaveBam
DZKTNGR3r4Akj3G42ReZatKhkmgEXoZjk5Ed2tFwRyqm,"Dante üêæ",135046932928465,AgaveBam
mrgn4sJJu5GBa5wbKyjuASzhyCifvcedGoLtpKjB3Wf,"Project 0 Meridian",134489890065207,HarmonicAgave
kom1oNHyyt84XLGVfi5Jo1qkVkU5xG1sBxPG19rWknE,"Komorebi",132864303953316,Frankendancer Vanilla
5zm9g3zgAPWzX3wmUB2JtTkcwCqe74NWsTmt5wLFwCKK,"00Tokyo",132611039546326,AgaveBam
CpgSfd6QUoBw1267rTtJoZhELqC5q7isKLojBifSbNEE,"WestSide üññ",132288145347946,AgaveBam
5FbKKGdEaFcxGxxaLKVvBes2JxiKbreh8w2ZpMcSQ2a5,"Table Rock Jungle Lodge",132062120489688,JitoLabs
N43JWBg42ZoUFMkHsRUVbP7wGVdxaHKanqaF9BBNiFC,"Quantix",131065035152256,AgaveBam
BSGMRbK97DcgLe4u4kfNQnmTVZGVnwdtKQBJqWRBTZxU,"Black Sea Gold",130861315650338,AgaveBam
As9NxA9bCfhrVLAFyGeWG5X5iLYPGhU3R7nLfX3tN6am,"Elysium üßä 0% fee",129922562154273,AgaveBam
SQDS9iwyWvT2mQbSZzuNKGoxuBug5jRHouF6SuMRBkA,"Squads",129758442320040,JitoLabs
HnwMGBAw5PxaX56eSYc969MorEy2NzEMPLkmBkdnJmeq,"‚≠êStepByStep‚≠ê 0%Fee+Jito MEV",129650303173195,JitoLabs
6pEtDovpyd1zUMYPuNhMCPU37sUTEAtzzgoVVAh1G1JL,"Zemnoi üëæ",128182318858518,AgaveBam
HFTcVVrX93SJwYHAiiHAssb3c4zXqSsF4mNjg5arGPEj,"Alien üëΩ 0% +Mev rewards",127432450356304,AgaveBam
93Q99nhdKjuSe6WNXgMBbC3s8QVQEAoHKt91PNRkUkMn,"STEALTH",125897054837564,AgaveBam
F3tdN8SoakjEPb743VY18YyKJWYHo6rojV3nkas5YJh8,"Crypto Plant",124939027079233,Frankendancer Vanilla
7HMHSdQkjDwz9Q5zAhEy83uzW3XHJchjdpMYapKXcKt5,"GERSIA",124821994140733,AgaveBam
FGiEdzde7Fco2WLpNQMat299hUVoykJdaA5hxdmCzHiS,"Vnode",124664146685325,JitoLabs
FCWkGAHDWK41ANjiaoPudkCZRkvTecaEkoZQugezUnpr,"maxfillipov",124444853085204,AgaveBam
9ppJrpsbbuGNjiMhhD52Ueco4KXUzVfrtNQ6tAcDab4f,"johndoe",124355921582274,AgaveBam
GGX3BEoZDqjxcw4AbCdu62ZTMrkpSgmPt81oP2mVuZNS,"HashKey Cloud",123638004466260,AgaveBam
sZAqxCSN5kkVfG2s65Bje4jzCkD2aLyk21qU95PMf2Y,"Dual Validator",123347209536847,JitoLabs
VicAQ3U2GjjAuF3tPCtEQZdZKnpAAxkr5Q3zjDKmdo7,"LightNode",123142397052772,AgaveBam
GK2YYwmQk58xA2k2SeugY3i334SJVViqTT8sT5wim3Dk,"Node1",122781921745908,AgaveBam
LimeA3gMLb2SjxrKbP7NsWk1UwTZrw4B6Ctc9dmVU6E,"LimeChain",122444175176792,AgaveBam
EUDis6LJeJzDHTEBgfHGQyjHp63XZkGkx4E69xunC2Ej,"Validator 1",122292849658839,AgaveBam
8aySXUFrqJz5kath6aVijrkBH8ZtxMWJGhYXwYBpKmHK,"L0vd 0% fee +MEV",121047801727971,AgaveBam
7Nu9ckgtjobZ3MkbadGFKEvRymYuah9HmcxiUJKMM9NB,"SoLyrae",121007686600042,AgaveBam
parafiUS6h6oLhCFwhjvEmQJKw8pF1iXsxMJdTq46dS,"ParaFi Technologies",120146331603003,AgaveBam
dmMwc4RazLHkvDZYrWAfbHQ6cViAvNa5szCJKaiun8S,"Ded Monkes",118714070911024,AgaveBam
2N7v8pDKDYhtBUJBQUgxvysUjgM9s4ULPCmeEiPWTf6Z,"HAKUHODO KEY3",118466482988321,AgaveBam
4k6wgP5WPBKQpsFGtzuXNrjcTE2fKWLj17nDvFeG5zSF,"DawnLabs",118302311562513,AgaveBam
bookoVmqw4QjVj5BbkFacouadx9M7816wyRkfM7A5Lo,"The Library",117999518652030,AgaveBam
c3rtoMCHSbFrLRTAdw4iRowKSn4BrDtvSPbuyJwkHwx,"Latitude.sh",117899568908149,Rakurai
2XmhZKHmfjku3T3nC9xKhgr5bm1CAmWXqNsNt49mo82C,"Soldea Kitchen",115581044207283,AgaveBam
GiYSnFRrXrmkJMC54A1j3K4xT6ZMfx1NSThEe5X2WpDe,"MonkeDAO",113745097399554,AgaveBam
revtecFsGSRCdF29atQvchSXrjwBesA9vSisD4fyH5K,"RevTec | 100% Block Reward",113468457563314,AgaveBam
9hQqNe3DQTiwhspatewA8EXhz12e6sq5UJVJ2qNRwnTf,"Stake Shark",112203083148522,Agave
5ysfTZ42VT1TjnjzQShZSrix7wdVtjXwssocSeYKDs5d,"LEVMA - 0% fee",112024080734779,AgaveBam
h3ZXAE168mNxsszYYrUfkMVSCWx6DU2Uvrx97Kb1Nch,"Validation Cloud",111893619731443,AgaveBam
GWJyUxzcVwRRtpLuLiu1mpiUQsZ4onYFAYfCjQnuLmz5,"Pacific Meta",111602739090688,AgaveBam
rssaJ2iKcE9QWsFYRZr8Q66TQh5bRk9DxYrzxGMzWQr,"RSSA validator",110675848725733,AgaveBam
3x9nibnhgBHWKMRiGnsXJELRBjviQpKyigfrXtKW27KJ,"Staking kiwi validator",110276110399907,JitoLabs
BFMufPp4wW276nFzB7FVHgtY8FTahzn53kxxJaNpPGu6,"Hubra",109732954170684,JitoLabs
2AKKnirWVZMhnzuwqpizw9SwfZjGpRFLx2zCCNtPWpbc,"The Chimpions",109568226004135,AgaveBam
GwHH8ciFhR8vejWCqmg8FWZUCNtubPY2esALvy5tBvji,"ART3MIS.CLOUD ‚òòÔ∏è",109228339463758,AgaveBam
hxMhrsuGPDmkLJ4mTxEjyeMST3VGhTiwJvS9XgHwePj,"Suzuko Stake",108926126726496,JitoLabs
FSVdqBzx5D4UsqBLnvmH5dFx2dCm1pTPAbQWJ1PYzTJ2,"",108552334325273,JitoLabs
1unarWPGGseFag2WfnoFv8o9P7vTPU8eHex9GinP3eY,"Luminal",108434912119935,JitoLabs
3V2xaccDpFib4DbTksdiveNDmiwpXBqSWyjSof3w1Bg7,"Aurora Validator",108260615159522,AgaveBam
9PRr9k87HjjdLMRkxtxygidjxVta9VQ1kAsqgLBWXKdQ,"Golden Tower Staking",108154635406989,Frankendancer Rev
CLsFr1KZVbAyz16iFpwg2e4hiekR1unpwyxfNdjBMaoE,"Vault",107949469631928,AgaveBam
6NDen7aDi65apHo8m1Vea4nuS6LyjQeM6pDNqcW4Q5Pg,"0node.io",107682756563330,AgaveBam
AiBEt9kE8yZ4CnaLfTCGMp7Fg2wCtqhPTfvJ8D3zrLfu,"nodtech",107062272098391,JitoLabs
GvfaiJUhNCRZGVGumsEF1eHDb8JpAeFAyHSrTifyhrbt,"Vybe Validator",106704277109007,AgaveBam
D1Vbgkrhp1TmLGhfUD1urRMx5Ntz9AqQpgdX8DR8QMC1,"Next Finance Tech",105574584455276,JitoLabs
CiR8HNCfkjtcongPmP2DRdZPnFgjSbN5gsXdjmsXXHcB,"Shiro",104052814137090,AgaveBam
SWnetabTLirPWqEK1V1T7HkVLC5vGvfjEsb89wiqrGh,"StakeWeight.net",103893462163188,JitoLabs
BiU1DNow77wGwSXW1bLmkcQe2cuySpkbz7xtbitD9Fmk,"BurnItUp.com üî•",103443715309833,JitoLabs
spur5CDwBvTZszvy1ozGjRc1x2TuDWo3VF4jrq7zgvD,"",103298031827310,JitoLabs
MCFmmmXdzTKjBEoMggi8JGFJmd856uYSowuH2sCU5kx,"MCF",102890186978631,JitoLabs
RoYFUUD7QD9aQ34UCMcwfye8dC5YvJeXz2J3mmoy5S4,"Lifinity Protocol",102737847432063,AgaveBam
HW4zorvt6xDwhU36RqjcWNwU8YMj9tiqnAafBKW4cqV,"Moise",102503594000683,AgaveBam
96XWbKem84optM8RLHhc8EYJQG8CCWA8F6oqWMPHDweN,"NastiK",102257185163388,JitoLabs
CZanBzZHFzrGY5qKzaX3CNhJ5smHEMTWFFnoeUi4J6dr,"Omakase",101948929232934,Frankendancer Vanilla
MBVyz9s72WSfUmbr1S8fgHjDJQkPs1Q4Wxi6A2Mees9,"JICO",101407927849302,AgaveBam
FSyAsxcE7g8pSSEu5nx7Hkz44rMZiYio5Wz8Lszh3Nbi,"Honeybee üêù +Jito",100349782920964,AgaveBam
3DaPk6TdeGnEBwTR8fEyZSLkdayk6vZXrqGZhAgYK8BV,"Stand With Ukraine",99401854088748,AgaveBam
FjYEr2UCeFzNfAKiFrbhG34Zv8LxbmfHYAFhAfc7SLQL,"Easytoken.me",99244956427499,AgaveBam
9aCLnHrqaAkebz1eDZMDer9EFJxrJcRZG6CnnNbwK3dV,"BONK Community Validator - DFDV Powered",98272105455577,HarmonicAgave
5aD6KB8g4MPt3xJafmMmun86hHMDnoFiGbd5gYiMFZw7,"Daiko",98012209602086,AgaveBam
NATsUSZGohWw8xtLdxG4yus21UCkaes4FLfM2eqKbRk,"Kisetsu Stake",97307003933914,AgaveBam
2X7WoaXX9KPqNrNfvguhnwo3rjFPNsfw2t75fGjWRthz,"Stakely",96345799686166,AgaveBam
TxtxXzLTDQ9W4ya3xgwyaqVa6Tky6Yqhi5BLpPCc9tZ,"txtx",95776450778602,AgaveBam
SaV6UWBaE8M3kwMBfAhQ6Tmvd2qdJRm94NTwLqtoyGd,"South African Community Validator",95057572179134,JitoLabs
2abwQG3v2xRemFxRszVHSfnjJNe9zu5X8duKgxjyLeaK,"Chorus One Research",94977485322308,AgaveBam
8nbE53mcKhy74HLiGZ1q5HRocwiCvgh49csSaHSdtukr,"Moutai Validator üöÄ Performant, Secure and NO Fees",94602961104541,JitoLabs
novaeuhY2JH2WHhc9KVTHDx2cyJZdXJC6faf4CtARZn,"Nova Consortium",94575517370408,JitoLabs
AmhQFcGvH2hjkucP78rn6GMKSbstYwyFpCDVKZUwBGrG,"myhauz",94037116043990,Frankendancer Vanilla
FLwV8tm3pL8pZj6d927VASzPrgW51Gf4nRJuTewrfega,"Velox Validator",93779482412844,JitoLabs
axy3tCRL3wmFMVG4c69rYurcf4fXhBo2RcuBj9ADnJ4,"Somos Validator",93416611502215,JitoLabs
2uxEHizFmmnLekKG2LZJwxNabhpymEYfdVCpgDxjt87m,"üçÄPADDY - üí∞JITO-BAM",93079752938039,AgaveBam
meshRrDTME9cL2FSQ9E56EncfkZ7vL8apwcCFsw3o6Y,"Mesh Validator",92849667901753,AgaveBam
3tm92VTxwyZ5MDhGoYR4tVTkwWYkzfam6hwBjauUACCk,"kumaüêªvalidator kumaSOL LSTüöÄüöÄ",91836995874949,AgaveBam
GqDCbnafLmKkdqiqf278jDLXqjjZMB2sViZQtR82jPUf,"SolLana",91053460984058,AgaveBam
sfvTq7ojrEc5WdXcHijz676eX1pc5MgoLxbkYSdRDAB,"soltop.sh",90998047472685,JitoLabs
fhsM2sxME8cHrrk3qvtMsRRDv5AoLFja7NjNnHeYZxe,"Fountainhead üå± Funding Dev WITH max APY",90049289121031,AgaveBam
SPHERExTW7GaMgS4RN6MbghYvXU2REfFWHgpxMH1P69,"Sphere",89894929174839,AgaveBam
E99w1XfS4UNM1xUKXWEuDmj8Mduy7u65jm2NCULTspSV,"Project Super",89564425129051,AgaveBam
4Kbcyn7JVPAWLRLPsNGTPmcNMvCkLTw51ZLRhqsUC6jP,"",88947775949967,Frankendancer Vanilla
CwhdMezLucz7bcuWzStpLXgrzKGC2tBBiaVmJZjfprRN,"Sarmina",88751352493071,JitoLabs
D1A4F2yh38JLQExKjDiCi4G2tCMwj93c3sikseSSePKe,"",88426730748244,JitoLabs
2VKu11f8zc3huqDQUN6WJTFpX32PgHpXXjf72P6YvYMd,"Marco Polo 0% Fee +MEV",88391305663917,JitoLabs
8Nvaxzif1NrdvxNkRetjT8xJvd33EHkKVrfL8EDkgaNy,"South",88003300075112,AgaveBam
b1ueZK9bWTywN2587zsScyLTaH18wfRfN5W15XnkiqF,"Blue Sky",87774705929020,JitoLabs
4NwpynvugnHvyLzr5h9Y7mw44saGJXDNoBjm6wgMiYDr,"",87436553162645,JitoLabs
EWARp8Syq8cTWGWHtP5LT9fKAn5GvXfSCH8LfAwpgQ6m,"SOLrainDrops",86706788493933,AgaveBam
gojir4WnhS7VS1JdbnanJMzaMfr4UD7KeX1ixWAHEmw,"Gojira",86494883773017,AgaveBam
eyeYaqg9e2L6xw7YwsSLm27eWJfhLNAm6ETQm8TXNoK,"Eyenotion",86290570555414,AgaveBam
6xUK9Nbonr4eoJNtHGoUEMmYKoPz5mipKzyDBv6deX4d,"LuSOL +MEV",86108874918456,AgaveBam
2Eq6YD8P8QXTeoz9h6JHjgZ55t8RSxNdx4waMDCoPmQU,"EvasMainnet",86067232444121,AgaveBam
MicoB9cA9R6jsicdhzWFjwd9HMkV8FA4o3WxYU6Z2yz,"MICOBO",86059789821513,AgaveBam
AjGby82yXeYgj3kmng9y3c4nQpZFmiPpJKecLJTHbfbP,"üçû STAKERY üçû",85936723003884,AgaveBam
3YX7PQuESmR2h95FDgjahEQjyCBhmY1Ts2MsrM1Kg9DS,"Banana Business (BB)",85637076551157,JitoLabs
5HYjArGt81naevDdwMaEx8yeGNw9jYBSDJa8YavT9Mp4,"Splash",85470745237241,AgaveBam
DeXsDvvZzKhVux4YfDFE6p4acJLGzr8yKt5pSTjzZB8t,"LootGo",85433373667724,AgaveBam
5ZjxMYBbnKd4VFxLjAChSWMTeQ96147HnxZvQJxUseHV,"Watatsumi Validator",85017039816216,AgaveBam
nodeEgRVkbYLAQePtMx2zCN7CGw7qRgzKMCBtjMfN1D,"Node Integration",84902925442026,JitoLabs
BirdeyeK5yooepHNNgaW2bGGDD2jmib4oSRFTHyELbZ1,"Birdeye Plus",84766559306858,AgaveBam
1Link6hB1NpkCwJt3ZtpQKZszKauhEcKgiWjaU8PRDG,"OneLink Solutions",84547359299398,AgaveBam
7pR7t5axFfkg2VZB1uAuFNUvpAeowq2v15J4gw5MmHTB,"",84351715569189,AgaveBam
HgozywotiKv4F5g3jCgideF3gh9sdD3vz4QtgXKjWCtB,"coyote.staking",84217639941738,AgaveBam
CtvdyHYt8cMuGVHFarV2RADfoCdnrbd8e9jAsB225uMW,"SolanaBull üöÄ",84040413029703,AgaveBam
DP9iBgK9c7tJYb83KhxQMFNc1LXYu7nE7EhWpEzQnjmg,"Sec3",83678394953399,AgaveBam
6Rk694kh1QTyQkirdb1uDZmS5xqG9bNaYtxx8d311Mr7,"Anode ‚ö°Ô∏è Beta",83415638236497,AgaveBam
icex1C6pnZxznQWiHZZANjGU8nZ8kNquFnjyY7XXrXE,"BrewlabsHQ",83331351006642,HarmonicAgave
32jCuWyy4aJjyv4gd4DSGBHmFU5KUSSfqbmPb9GpMin6,"",83041511064362,Frankendancer Vanilla
Hu7pi2Xg5Kav8vSAUUr5CCZaEmMCzT6FgCTpueu3oBtW,"",82897329759614,JitoLabs
2dxz129YxB1xtf7Mx6HUT5JspexArNNtQt84FYueWZV7,"NeNa üåª",82764745663982,JitoLabs
ChaossRPGKnsVhX1GfPC78yq5Sqju4cMThcAsKZNz5d6,"Udder Chaos üêÑ",81494743454982,AgaveBam
23U4mgK9DMCxsv2StC4y2qAptP25Xv5b2cybKCeJ1to3,"BONK - Powered by Jito",80935802640324,AgaveBam
SaGAgdkowooXBrHihpmE8gsjf1dUG7n5SqnyJxYFnXJ,"Saga DAO",80513332267303,JitoLabs
8hAYbagNt7CMBooFfqVJhBgLqLffpjXTWJMk8yybjJsN,"0xNull",79745777473915,AgaveBam
2Rv9npqdWE1mLPsT1r2obn3xtKmA5afkxt8GsWeLnKoc,"SPACE HIGH VALIDATOR +MEV",79659688747965,JitoLabs
5zuNci3TV79w6zLoJZzbZujMvkVZb2FcSPhgv9aT24AK,"Solana Japan ValidatorüáØüáµ",79414157838637,AgaveBam
EydLxzdWfD434DDxZYXkTcajvK5VKH7p6CofEDCRUkJ4,"Bernardo Beacon",78992325361829,AgaveBam
CpNnGGhgVATJAbzHUXdrcGfpPiGuZyPka4QUmH7YgavX,"DICS - Degen Infrastructure Core Services",78763664131368,JitoLabs
chrtyETASKQhsndRM9pr6qC3gAHG5MuRwCgXSNVqnJL,"Charity Soul",78694725766988,JitoLabs
49j9bnkdgVNxLwsZ9h88sPR5MYEmsUyKrrJ6ZW8ijBrb,"StakeChain",78388207314088,AgaveBam
3Rv6ZVGUuRczP76322LyhTTYw2iM4avV4B5xFJocQJer,"Gaxx Validator",78158079267864,AgaveBam
6c6RrC9TWNgiVXnbZ6hehNuhyh81pZK1yAj5w2nXZTwi,"Ivy Oracle",77624417611502,JitoLabs
99rG5AhkVagxJ7y8NpMAmy1h1u9GhT3h1Cimu2X3cwaJ,"",77440531159066,JitoLabs
AmjX7CerZbHrU814UeBp2gJC7gANNG3KrP4c3RyD7TSD,"NTT DOCOMO GLOBAL",77120541338470,AgaveBam
BCS95L5JHBWHvWkcEJBEF3BH5QHxKcPeaTgoYmHLvfFh,"Kairos Research X Firstset",77089332972775,AgaveBam
2icWF7TvxyycF7d1NHpMZYuJJqiRy2h7wmjFSbqUij1B,"",76968244372521,JitoLabs
7knvB4bbqHCKuNp3ef2hJWdwqoH6WAUi55NQt6LdRfkx,"AutoStake ‚ö°Ô∏è 0% fee",76247814062447,AgaveBam
mythxvB89eT3C1TKwwhsvdHfYq2aoCt2es8vLoDFYyk,"Mythx",75955264641566,JitoLabs
4JahMMrVRS1gimWoXpD5H6KwKc2MrsoTDFMaStMttL1E,"xSTAKE | 0% fee",75431255189908,AgaveBam
8augxYLUge2iWmitQMwbcBL5VQEpsM6aJdRofhwpnzyw,"Stake.Cake",75409968398559,AgaveBam
AccReGBNBdUCEJ7ZyP231jw7uVJ3eF9u4cLBFAyqQuWm,"Accretion | r0bre",75310912330522,Frankendancer Rev
BJvrWSfonXnS2Km8iA9KLY6D6vS3GcsaUwUNPFBumTca,"rossi-mainnet",75250394229559,AgaveBam
BaDhUB1eWfunwD21Tu3WywyYQ9wZx5hS9WXeHHNGZUPy,"",75000001434240,JitoLabs
xLabscif2DLnYg39rQThqi7A9E45L9qiysRZhmZ1ARE,"xLabs",74771009726939,JitoLabs
6qwYjs5vCSEKaTMBbHinnW8fvdGj1r8cpzPoAV1EHKsw,"Fast Runner",74711487981911,AgaveBam
RoYLttggWwa2st3KAGEjnPhsq4NPD5QwaNVyyR8pTz4,"Royal",74146943186048,AgaveBam
6gL3uHvuUjaPp9mTBf2VZ4tpKiYhbWyPrAPboGByzEHd,"Mira Validator",73882162685133,JitoLabs
jntr1vkzvSujfckGR6ANmFmirVoPBMNr5XJGKP5uDQA,"Janitor",73798983131547,AgaveBam
sTEVErNNwF2qPnV6DuNPkWpEyCt4UU6k2Y3Hyn7WUFu,"STEVE",73700680782936,AgaveBam
nateKhsYkrVc992UuTfAhEEFQqr2zQfpGg9RafNkxdC,"Epoch.Day",73661762172849,JitoLabs
ByszyWdqC3rVMWy8f6jwK5cmwkpwYdwsr7UL58xS5vnm,"ILY‚ô° Validator ‚ûï Firedancerüî• ||neochibi culture X:@ILY_validator",73484335996590,AgaveBam
hnhCMmnrmod4rcyc3QRKkLEC9XnPTvYJ2gBvjgFiV4o,"Hodl & Hodl LLLP",73460672541349,AgaveBam
1i1yPyh843bTfi5qPgqozTbDcEX65rUNEFcUT2KAs2i,"Lilith",73403470967112,AgaveBam
STPTshazcjH6cZMHzQBrggFSPHXYCTRGB7ctqS1AjkH,"Solana Portugal",73363607931857,JitoLabs
DCKyEmMENQMtLXgbmUoHRmgP9XdJ9HsR5WxrKnSDCzKA,"Dicky",73344520272184,AgaveBam
dst2u7mXMyDvb14cSErRNA1mxH1d5VXbSXgZ3DKE9xH,"Dust Eleven",73232847864827,AgaveBam
PoN1E3VyqwqoGQEhC8ExpkRKTuyhxtGLnHHH3DwbgTU,"Ponke Validator",73193866849850,AgaveBam
chdvWr6T14nqGRFD37KY36dsvhkCtDaufW5rpu3AfHe,"CH Dev",73176065297251,AgaveBam
NLMSHTjmSiRxGJPs3uaqtsFBC2dTGYwK41U18Nmw5kH,"T-STAKE Systems",72609646444095,AgaveBam
GEM1N1UE3C8BB8EaaEPrcFvT3iLMVrurknjW5AYjUReR,"Gemini",72380695018929,JitoLabs
ECNnK4VjcKTsABiw8FAp3JCE6tCmYyrEJthYVyMazmxi,"NCValidator",72259062902328,AgaveBam
6JKwz43wDTgk5n8eNCJrtsnNtkDdKd1XUZAvB9WkiEQ4,"",70893060210164,JitoLabs
2nhGaJvR17TeytzJVajPfABHQcAwinKoCG8F69gRdQot,"WinStake Labs",70880372955884,AgaveBam
9T6SNsBimjCRJpkEjiVsc8AcxTBa1XVA7RjnBGGfWP23,"NeuralNode",70832647967985,AgaveBam
DeepM3FDWaAb7o53rvyZk5YvHLG3FvDiVXJLRY78z51p,"DeepStake",70659109878787,AgaveBam
HzF7Kov41YJvKNkVEepUByEP5NKG45NJTc63JUDxT7tE,"",70171626774216,JitoLabs
GQiWnDYrzHMALWG9avt5FCu1wisAQHjGY5ve7GMBiPEe,"Nam-dok-mai ü§ë stake-earn-repeat",70145078255977,JitoLabs
D8xKNftHzFcCekENuTEcFC1eoL9y8wNHEg4Q5z57KK4e,"Mice Stakin'",69536349522464,AgaveBam
FphFJA451qptiGyCeCN3xvrDi8cApGAnyR5vw2KxxQ1q,"ex1arey üí´ 5% fee + MEV!",68746015519112,JitoLabs
MargusJeV9bkePFLWbbzRNsMVo3Re6h9wKB5Ago8Tfj,"MARGUS.ONE üíé 0% fee +MEV!",68580984140248,JitoLabs
4SgoyAwN26iu9Gpf12Bk1rnzp4G4yDUM3XVv4w7VQcAf,"SkipLine",68387852379974,AgaveBam
odcvDWH5wHVKz9XtmGGxTj5ZsmawTjCCty3nyBKDGzS,"Odyssey",67843253211721,JitoLabs
5pZvwjSpGYCxpJeySwSbSAji7kZe4YntL7rQvXM3YcNT,"Solstice",67546674004851,JitoLabs
CBUGET5PnvLc3HvEeFYj64iTvdKhYV6pujTPDdDh785K,"SGTstake",67476764513069,JitoLabs
mALL2W6DUgDDtcyurC9v5YTF2CMMeuRwPBkf6tEoG3y,"mallow",67332410957962,JitoLabs
AdSHK6vpQnwHRSw7jXUwjMEytmhFwnynZSENhvpAxL1y,"crypto-jack-sparrow",66831918120091,AgaveBam
pitMDEaMmWmr7qP8HsNqarPQkd3jhZbLJibhhQnL5RG,"KitBull ‚úÖ MEV Rewards",66774444721514,AgaveBam
EBoKqyT2kCabcHXgpF7ScwrHgGUsR821xkTJsHtP2JJi,"Irishka",66744231680070,JitoLabs
SANDCxXBbQhvbUqNtiLqKdFEY1uQhVo1UgUACaS4mXU,"Goldsand",65890485391375,JitoLabs
8dz6mnkZC5eavdkyvFAEGSvXdV8vDYtWmtYtj9GcESUG,"BullMooseSystems",65768109618076,HarmonicAgave
HwN6eoEe9N3kwHi66hpQDBMFPk6ASQGthWKPX5MZmisp,"Solya",65734841900004,JitoLabs
FNTPSUuRpDoJx1hwFmB5ncNLLMX42aE83P4hsFYUfNRL,"Nodz",65572471536593,AgaveBam
FLVgaCPvSGFguumN9ao188izB4K4rxSWzkHneQMtkwQJ,"EWR 0% Validator | No commission + Jito/MEV",65403121560612,AgaveBam
CtzN7ysR5rX69qd168Aosbuc83mPozhi81bEHbG7ecNP,"Citizen Node",65177441149872,AgaveBam
stacheBmGG5zMKuetUevAbc4m4dLbve1VPcpSur3voH,"Stache Node",65152563991793,JitoLabs
Ettghfhr2kQerqAyGUuifFtBX17QecRe2gwpUZTAbZuw,"BTHS Student Validator",65119330679085,Frankendancer Vanilla
YE11a5nVJtUNqsojkphYuWc7StqBzbCeFH6BjhAAUEV,"Mellow Yellow",64944936940630,JitoLabs
5HCTsoKM7vwjubSZSyVWChaHQ9sNNRB1d2SuvL3eZ6Y6,"Amber",64392863122621,AgaveBam
7U68WfpxJF5W1HjVQ2NCQr5EuKhNSvSRAnmWTk6225Jf,"NodT",64294597969977,JitoLabs
wetkjRRRDrSPAzHqfVHtFDbhNnejKm5UPfkHeccFCpo,"GUIDES",63937814806609,AgaveBam
uxqVAFQfox97HazsPtkKiwhypQH6jEGXkQBHDtXshrk,"Waterloo Blockchain",63589161591608,Frankendancer Vanilla
REA1zKzM5WjDEcpB27Zx2Rk16foNPtLGTETy93LLgNw,"",63535831769051,JitoLabs
3Pfubj3ytkRxFAGwFb5vtacuZJUxko5Du39xie9MBXuC,"[NODERS]",63497654915514,AgaveBam
H9METtoxNp2PhcDNxXwqpzBarJw9zJezhzdDEFgBqv8w,"Teraswitch",63457635115218,JitoLabs
prt1st4RSxAt32ams4zsXCe1kavzmKeoR7eh1sdYRXW,"Portals",63190295973242,AgaveBam
E9hD3ikumJx1GVswDjnpCt6Uu4WG5mz1PDWCqdE5uhmo,"STAKR.space üîÖ+MEV!",63003466849981,Rakurai
3BeharBd3j4sKQp7Qze27JLQLd9AEEwGTX9TC7dXYSNw,"Dragon Trust Stake",62766956218121,AgaveBam
EBk678aQvc3cUkfGyoehfw21JQfJXjmWuBeopYc89RSV,"‰ΩõÈáëÁñØ Solana Chinese Community",62721185786893,JitoLabs
huinBRP3muBuqZLMW8ARjdn4mBnEmFFcxiBzrkQz553,"Huisky Staking | sol to",62511426314737,Frankendancer Rev
XAqHfPFsqTfAJHBRHAcEECkMSykXjkUj2Rta16Qshrk,"Blockchain at Emory",62505306453200,Frankendancer Vanilla
7ZjHeeYEesmBs4N6aDvCQimKdtJX2bs5boXpJmpG2bZJ,"Chainflow Experimental",62115533671947,Harmonic
5fSQdv4zsAJNx6RKpGho6sL6rY6a8nziaqcmwaRJB9NE,"Blossom",62079028102649,AgaveBam
D8kuk3qEiVBGwYkuMGKfBDwuRi6jjRkzjAZg45fdaRLx,"LuminaNodes",61854385785286,AgaveBam
FoigPJ6kL6Gth5Er6t9d1Nkh96Skadqw63Ciyjxc1f8H,"Solana.capital",61403522945096,JitoLabs
SoLiDJGk4WkdinyLiRWjkFbgLUhjL3idGJK8H1rUWqH,"Solana ID",61259927958745,JitoLabs
pineXRUnbaLNFMxaM3zBmFfTiKgQMGqT9jYHXZWq2Fw,"Pine Analytics",61188899795930,JitoLabs
AYY1TCe347UZ7zueBmF4MyoFkeEZquRUNVBNoUZiRoew,"Fthr Validator",60630140578540,JitoLabs
HLyBoQdXsCcCCXgPMcT6QN64V9zEe43zi4BDoYCramJ3,"CatScope Community Validator",60508778175090,HarmonicAgave
4vdWYn2KbmQ3Dns5wVBfz4CFQDds4b7CpsC8MHBhHAib,"Unit 261",59473587999076,AgaveBam
9U4WqNGVywKt3gG9HSt9tGVXBDXJvgid6BVweRysaJmg,"6hTLQ5HSdWcpZkbXmZxXaGjCgTh7zh8UeWKWKgGE1BPp",59245146557456,AgaveBam
ABREU5YkQcfpDZymoQ97iGUgQcfgjctWUUxEMfumiPdV,"ABREU Foundation",59242693983638,JitoLabs
LunaowJnt875WWoqDkhHhE93SNYHa6tfFNVn1rqc57c,"LunaNova",59020304432168,AgaveBam
AnKWYWA1zktynzWqPC5KQFYWrTEWNny2CAHbAVU9zSXT,"DriveSol",58732529785840,JitoLabs
DtY5Bzxd75iWQRvKwM2xLUxqwLT1RRoeNwmVvgS2JANA,"00üí•Green House Crypto‚ö°Ô∏èJito BAM",58729874162008,AgaveBam
Bs19Z9SokV1s46jutN9tqqaCgYf1GsVyyytVfkzwn9qK,"Empyrial Validator",57612402204101,JitoLabs
3rqEEEGjHRyndHuduBcjkf17rX3hgmGACpYTQYeZ5Ltk,"StakeThat +MEV",57342299390616,JitoLabs
sce2zXNjLpPMcSCATTrLiQhAAvHNNMKypTFVtg2H37U,"",57158577355123,Agave
scb2TYPmwHgKxXJaJNq6gHKwYkVyLKx58hz9RbCKZZR,"",57156709300904,Agave
scs1NCSTafrUX6RBx113B9YDCepo1QdEzU8WwEkf25i,"",57147612589881,Agave
scb1Z7du8NVSaHFXsafSjRdXr6xBjWR3iugikL739Y1,"",57131579575766,Agave
sce1oTWYVXv7a7Hy2skxREozs5nwkQ4wDT8XJSi5tgE,"",57119070598644,Agave
8aPHvzVV91jZF948tykkoF6WfgLHppNfG8Z3V4gCrDix,"TIEXO",57114966948967,AgaveBam
sce3TfT81rxYYcdbP1kBFMcTK3ZBc8hvHVeXD6WLSzE,"",57061654957895,Agave
scs2Ra91pMbvqFAP7uitrN5U25SoyBTqZgBbhpVMJko,"",57049165912242,Agave
ELE1xBTfmHB7vuhSH94q23r6j3tuvTXYTqgm1u4uzMLk,"Fundamental",56985555802630,JitoLabs
noMiSMNpN3iGeX3WdF5M2KQdFUQt2RYYpfJ4dN1Ni3k,"Nomis",56800002943356,JitoLabs
9ueKvL3WiLM4mNUZrfWqPTYY2Np5YwzFTYvAiPibx1Zq,"",56293820080368,AgaveBam
BuonuQoAR74GoMwCFhxKWVWWSGGt2wfbNmQ3cizaJ97G,"Solarius‚òÄÔ∏è",56219285927146,AgaveBam
mds2fZEpJP688PqJHvfLxGyf2VFrcNkvjuUxNYCwjrq,"",56095018204004,Agave
mds1WWedpezW3qvgML4WgP341jZksYAy5SbMLwjP5KC,"",55978002538517,Agave
mds3Df1ieBonG2qS8ZoKTqshq5MgTUNfZgc78cjiCdq,"",55275948304135,Agave
FyLVPAKkgdAy8Gn9jnFYN5yjC1ubQWRkw2EHt2UnC8uA,"Solary | 0% +MEV",55110928559680,AgaveBam
svsD6T44XJnuXQWB15sy1pBxxruzrFy8rR7gXy8Jsj3,"Solana Vibe Station",54797016745482,Frankendancer Vanilla
DefiihS7gLkj6xLjjhcr87bFuwpVVNYpeNBaBeFe56CY,"Yield Lab",54155292112194,JitoLabs
4YGgmwyqztpJeAi3pzHQ4Gf9cWrMHCjZaWeWoCK6zz6X,"Chainlayer",54061860873383,AgaveBam
gotasRuLTuJNZDtLHmaDJpEUjCWZqkHcuwbLhkgCwCX,"Gotas",53953763528758,JitoLabs
ppppoqHcHVzigV6SK4856BAsNxhTAi32hqQQWrziyHE,"Pesky Penguins üî•üíÉ NOOT NOOT",53502938479170,Frankendancer Vanilla
tkmaiSoZ3F8MofkQBVWG6JYSCzyN6ioe7ReYXohx3WJ,"Tokamai",53311175894091,JitoLabs
4kL5QD8ir5CvkuvCUnQhBDuWhq3Xfnz3UfQLt4CqPQZQ,"Swyke | ISO27001",53016542279326,Frankendancer Rev
65pHd5P2VrehonT1cdJ2JUnq5wi3WUgfL3A8RhYH7Kg7,"",52773425429164,HarmonicAgave
adre1Xia7ekGsEqNgHeFc7MYwkfzTQNeJgQmZ2agAKZ,"Adrena",52529674708385,AgaveBam
ECeaWy82CxpeJQr3EG3XNmYXc9NrVeWDH5ag9Lt6TPVR,"SolX +Mev",52426647264899,AgaveBam
BxkAkLR2W3agWtjMXBNvhxmB8vsn7zhjNQcyfost99KY,"ü™ê To The Stars ü™ê",52258462641331,AgaveBam
TopjgY7N1fJdnW89S9fX6t7LF61nspgXGL1NpgAKhDG,"TopReward",52238382875814,AgaveBam
DupN8puwoPdFo9EYm8AXemEn9cMsore1QmZzfPaxyUG4,"Buffalo Steve",52113597181001,AgaveBam
LitxAVo3RnYXD2sX1TyRJxfnKy48amXgyGiysPZjZwE,"Litx - 0% Commission",51717998869254,JitoLabs
CARBN9PY1Qej1aCg4885pfoYH8EHfjWuMy59pVa48ky,"Cloak",51384122622247,JitoLabs
ExCHWgfeJyKRzpfryiQn4W6aYaWhbSAEnsoUnBGNqjWD,"Exchange Art Validator",51259737550442,JitoLabs
vnd1Ps8w3fsi54qUMJxBhUWARES34Qw7JQXDZxvbysd,"Vandal",50183783603544,JitoLabs
FoXyHJXdQGK2eHoTjSAzHq4hzxWdJvpGgyzrtPS9eAk,"Famous Foxes",50098022432637,JitoLabs
LTP1bMnfq1Z6UctyDXYHo9qcUJ6ReXm9cG2VwQcsHBt,"LTP",50091036265838,AgaveBam
EAW9vxqogvdPNapq7QTDpiVTHK6o7begUhPVnf854VTc,"CuBe-M",50038564447147,AgaveBam
THE1CosYJD9F1eBq53Fg4MZYZa5WrPUf2RQU5ZHnfEj,"Theia",49386400844272,AgaveBam
LodeuWMHPiPj2PUHUyca2bkpFv9HyzR3gaDBmGJ9TSS,"The Lode (Sentries)",49178655897772,JitoLabs
kREnNfJrPEHbrjSQDxmxZdGmN6hi7ewXZ3UZTURshrk,"Rutgers Blockchain",48595603468617,Frankendancer Vanilla
13DmVBcyrSdsSsLWaKH9x1dwxDf48Wu5wprwxMmLshrk,"Blockchain at Georgia Tech",48560764041230,Frankendancer Vanilla
BSMe78Jk1BfeJDdHQj1aXVjrT2aMAYidyNAGQsTshrk,"Dalhousie Blockchain Society",48533721748491,Frankendancer Vanilla
te1ee9rGf369wxYQkuxkvuvMuTJ9cksgZySmNUF8rNY,"Telemetry",48530105938237,JitoLabs
q1yPXLsYcJhzxhUYLewFDjYmsBh2gDFnYqrZ9VPshrk,"Blockchain at Columbia",48463955961595,Frankendancer Vanilla
U82KEYMnuCiZSQbvuCJTZ652HX9NQ63uNSnxyucshrk,"Villanova Crypto Club",48463881483024,Frankendancer Vanilla
5LNEDitSMhApT2uFnmtN7FmjCiGuatpnb2uU4f3shrk,"Princeton Blockchain",48461865523282,Frankendancer Vanilla
ACTGYsH7bHbaSP7z9N86oLPHBThAELbGfTboc1VoFeZz,"Flipside",48457668638127,AgaveBam
kyzzzgRymGpePUsLyr48kQHt53kh5CSfRH1qfvz1xgj,"Kyzzen",48185238054228,Frankendancer Vanilla
3KNGMiXwhy2CAWVNpLoUt25sNngFnX1mZpaiEeVccBA6,"01node",47762459147395,JitoLabs
sCANXAaS1a7yB8jz3USvGNLfd8DSc9r7TNzNSKKPkfY,"Range",47116026330750,AgaveBam
7MTjmteQHhthwwTZhUzsc2dP4NBvGNRqj8jzdqNxHFGE,"WEB34EVER üß¨ POSTHUMAN",47010262134278,AgaveBam
anzaeL7Lsv71HW2mew8YcKGyGqL6qNn3xoNPRrejM73,"Anza_New_Stake",46840660865138,AgaveBam
BeRtYZnaaZLFwYQRPaZcxuuHBmyFBSGP32C8Ls5xnrZP,"BIG BERTY",46364086270046,AgaveBam
ReFiqMfGnc7tW8WQtFFcJRPZSDAWDBnAsdoFYF2QnfR,"ReFi Hub",44938971869013,JitoLabs
G1eAmANVWf6ZeoxG4aMbS1APauyEDHqLxHFytzk5hZqN,"Gleam",43900364775747,JitoLabs
HrWYa5vKZrcDbQWE39SGYwyzYcbsmXfBiHJGxpasymm,"",43769093581476,AgaveBam
UNrgBLmc8JT6A3dxXY9DWeHvDezt2DZQbhg1KPQfqEL,"Unruggable",43631162693691,AgaveBam
ES1M3tMZ4rMTJ3apE75cHfeGWizDTrMMXy2zKtWkd38R,"Spark Node",43489019210156,JitoLabs
DURt7rLam3Dhm98nzV9gdbvc5BucoAQYE5HgCgGyYEbi,"Official DogWifValidator - DFDV Powered",43395654310995,HarmonicAgave
gangtCrQg5RmKf5yxvhvZThPugPX58pDSdQ5UuS26vN,"The Lotus Validator",43164184540312,HarmonicAgave
ZoD1XLMhxdMveAJL4x9oab4FhRKP5NThTnSCH19Tdjp,"Zodia Custody",43148058126903,JitoLabs
dxa6QFqLcByyHykLCAW5tv1VYNVQFV3v6oovM2h8inH,"Fidelity Center for Applied Technology (FCAT¬Æ)",42974070828122,AgaveBam
DTELykegBxxEn9c15GbH1zbYFr9CFd8VHQnhTGfz5JLb,"dTelecom",42219315389194,AgaveBam
DEgenZMznWXvg5YHaZM75arVTauV453SeXX1UrxcGNup,"DegenBot",42061089529983,AgaveBam
4GEEKSwuiBHWTff9WaqrDcToZjbX6KYdyB4c578Zxse2,"Sol4Geeks",40758692370382,AgaveBam
LFGGGJtnBLvq78DyMz1gTeedM6f8owck76qHThDABBC,"_gamma",40757315444381,Frankendancer Vanilla
2Le6TjeEescF87qDA8Ftdz6U8Kq6SNVwoLJLhzBCHUr5,"U1S1 Validator üöÄ Performant, Secure and NO Fees",40262975868740,JitoLabs
Sh1ro1CaaVjNuihgNK6kay7jwcWzSqD2fdix6RNPaSh,"",40133314062586,JitoLabs
Fy7RCjDdFLG8wLn7TBKbccaKwYX1FetdSoVDREdUHf5o,"3SDK",39743324324170,AgaveBam
RFLCTDRBVZTEbXrCd92jnKghYeDJARb6ByK2JnPfQmH,"Reflect Validator",39712143363048,JitoLabs
rapXHroUoGG3KvZ3qwjvGMdA7siWXwXpiNC1bYarvSC,"Raposa Coffee",39699691773048,AgaveBam
hykfH9jUQqe2yqv3VqVAK5AmMYqrmMWmdwDcbfsm6My,"Hayek",38888029499038,AgaveBam
78sEMVmeecStjxWU7XMJMH8bMRBW9vSiEAhAjtZbt3fW,"Solai Limited (NYSE: SLAI)",38823143407289,AgaveBam
CVGwNaC1FaG95hRBHUuieDLyQU2hJuGhPduu2cMyHnw6,"",37866895150812,AgaveBam
6YDWxPaJWpZxJ6JLGaBeTJaGQn3gi3Pwtivii9cDyDHo,"Tartan | RaggedSec",37700428018647,AgaveBam
9D3o3EYeknhTrRvXS1PnD2euGXnMFa3HwpYBq5gPZJDA,"",37588558131189,Agave
FFevTkywysWf8PJvH4DZkEp4v9ks9HJPJhZWbhhJiYnr,"Hinode Technologies",36889363410621,AgaveBam
EATpCzQNs8BzZh1mx1hXMAJm3o1MLXakTXr4UEmcsY7f,"EAT TRIBE",36434252750754,AgaveBam
Atom7LRkdXj6MBoWJPgjaetrCMrgB9nnkQBYXTWE8Z3S,"Quantum Crypto",36176045349034,AgaveBam
LiFiDJwJjW98MB8wxcnXpafKYsuz1hwpUkuszkERiX6,"LI.FI",35925937759012,AgaveBam
MFLKSo4XDfrBf4FByx76zYM2dXSWcigag7ec2bCHTR4,"The Mindfolk",35601682656677,JitoLabs
pitch9cMruwjDtAnisNS4mwZUPhMsBztNEGu2weMg55,"DePitch Academy",34711020842409,AgaveBam
parayLyZvwnGjDT2pGqrVn8UDxmNcdNQCE8uPRWMeRz,"",34575424577405,AgaveBam
2pCxbAfUEwuL2k9Fiz3xnronPqRnXsuz9XV76ddq2GEt,"",34502552587918,JitoLabs
Uf7TePem6vihMBiRg2d1ivnoNtRapdATfe5o99NuZH6,"Onii-chan~",34159741872207,AgaveBam
ark1hdnnfmusE24wGHkyVG1gdRCqfmXs9drasDAdABZ,"",34122877831283,JitoLabs
B94PGWcxE9iEDov8sZobTkqEY96Yb5gfcsYWSWpQxh6S,"SUNREN",33613239827531,JitoLabs
7CR6whiYULVf1Knj4J5PxUS37opdk8UAx2WnDzBQKiVe,"DataHive AI",33184458207672,AgaveBam
AWZhUiQjrjtxL8MEMWsCFbMausFQKkdTnDsFW2i411hN,"MeshMap",33050675914084,AgaveBam
EPFZFVrXuveEQar9LaEkt5kDRPMnbvK54qu5FwCxpkcy,"AiSol",32390055440384,AgaveBam
R2D2imoV8nXk1ngT9v4dEK65We4uLNyUarTBdWbFruq,"ü§ñ RoboRun.xyz",32134500368183,Frankendancer Vanilla
CVgwMrWo9chKEuEPCe6Za9KJe8jamnAcoeWzaMeNubr6,"SelfLiquidity",30960852635194,JitoLabs
Xoir1BnQX9TbEvon9HRbD8tkjcD9dorsxmNjZAV64Re,"YYDS Validator üöÄ Performant, Secure and NO Fees",30600818153585,JitoLabs
STaKesuXJH6UGRizuEVSWG1tyLu5ycKgWj3i1HUdvs5,"Private",29397338801281,JitoLabs
BCjGyexo1i7qpN9CbJ9Zt8avWr4Lb2JRtcm43sJvsgQK,"SOLAnode | üî• 0% Fee + ‚ö° MEV Rewards",29320212328190,Frankendancer Vanilla
2bpfa8JbFfZUGUsedDsemu6vQUxbhcEM8ALSH3PgXd2d,"EAC",29009585520144,JitoLabs
5N9r2ne7dPgHtzeHC5ETJ3DAueKQiXSU8KAmEZrrojT7,"thugDAO Validator",28396331506986,JitoLabs
5t4shVsKnUqgjmhK3fFNsvyju2E6Rd7cc4S5pmqqEVEW,"SteakStache",27338061361060,JitoLabs
Lua1fxRRHCnjVAYdfGyv2GbUsRHGM2DN2wgpWuF2WSb,"Lua Sol Foundation",26691697339750,JitoLabs
8mhdbYU3PxALpTfDrdTYvk5obaGxL8ATQMvCLXW9SV2L,"Piranha",26199184482232,AgaveBam
EZHZcXFpiiooHDJymKPro6gSVBqz6JfRwDAnSHUwkXRV,"Rancho Stake",26168770422023,Agave
E4xNK4UwGnMtkdiUPyx13i6NkFDdW9Gw9NFGY93wEdGZ,"Block Rush Validator",25842958746788,JitoLabs
UZBmptMjMSQEPKm4WyUkJeAuvZSqTuNK3cQCKFqJcXT,"UZB Validator",25269577260679,JitoLabs
dzBhD4wikyy7xqwiJvT49gdrKqWVjfs9M6cTssmRX8Y,"IBRL",24475118764733,Agave
5P35CJVKU15Rrh5M6EVkre23EyA3K34kAut2GXhHKM7W,"",24002337691766,JitoLabs
8cnksBVjDPspn3AvmxJd8JKUdh4uWDDXzDemPmDctaHi,"StakeWave",22872381232783,JitoLabs
orbit1bWKxnECKLqjhm5rybTiEC2GEYbecyebgEfM5q,"OrbitFlare Validator",21845278190028,Frankendancer Vanilla
DnQBmTJyLbBMgJYQLJDqJz25AJModNkyexL5LdVRGnG4,"Tane",21829994081411,AgaveBam
4mzLWNgBX67zVwTykNnq96Z6KQLc8UyV5Q35EfVCDifC,"Puerta del Sol",21707428179291,JitoLabs
AvNsK6uxBBwejyPe7tZqgX4onaCnXTqKQvKRaTe9Ekya,"",20827158748760,HarmonicAgave
6yVX5rkTR3NfgCuu37vkmLCeG2RLqKaJHLj4G6b4Dvzu,"Decomissioning node, redelegate by Feb 23",20786530868551,AgaveBam
KAoSp3EudGqUBXv46tQoDwbZxSm3iXa9wM2aF4ySbJJ,"Aepalizage",20673369378852,AgaveBam
12i8gndWWWMTRzJBFhnYkobNgZB3XMUUJq75HeUrshrk,"University of Minnesota Blockchain Club",20649086869869,Frankendancer Vanilla
NWY18yrPHsTogTDq78HpB51D7gC5AGRsvJ5pPqSchkH,"",20508432175155,JitoLabs
anatWca4MKScN6y6zo5GEoao5ABy1BLHYLz5s2DnjZA,"",19999998717120,HarmonicAgave
BhNnboEZb3mKkVADMH11cYGWCqefAfmhzx5rU4eRTKGY,"Blocmates X Firstset",19933014518108,AgaveBam
KAW1LjxH73tRBd1XsaqsRsgeERFkg4WpdXUSqR4QjkW,"Kawil",19787037639330,AgaveBam
chopskqnudaeCTENWzUjfFCBSLcxprqbdMoCAucAwfb,"Choplet Studios",19042128867048,AgaveBam
2ufnDYz755WuHqGCczry1ACTNUVZdn2cm43bCyyPSZtH,"ZAN",19000999717320,JitoLabs
6tpuCGuvAZyUwQPFLKmiUfGUKSBjk3yVHJ314cfJV4ZF,"Valor Node Capital",18397764060787,JitoLabs
omeg2wsojzB7tfyAxsFhp8npxHL8yxVnaf51poXCwSd,"OmegaNode Validator",17893466125624,AgaveBam
BCJN2vZFAHDYmufBDcbD5UAQHSyerXfc6UQkgX3mSWuh,"",17746634224439,JitoLabs
PuRposE4utktenW49N8DCtVzdVEwYrmsrroboEUram4,"",17655426286311,JitoLabs
8Rf7hLczBzGb71rmEjw3h9tTcxGijDiDHL651H9SfSFa,"marcograss",17577347666793,Frankendancer Rev
BRAZAtTTzR2Es8c98hJvcngerTEyRGSdgkHU59n4A6GT,"Superteam Brazil",17238295628872,JitoLabs
DiFeTctQSaNczJNmZ5121kYqLaBe9wDpM9sjCzTELJLE,"Serhio911",16490395286747,Agave
3iQqh65Gby53aaYUF8ocoiEyhBs4aoe7BTYYWvy1c9dF,"DAIN",16224717387085,JitoLabs
sTepQGoReJq2tBKStL19DT6nnGHcGiAvFjyYaokLyuM,"Step Finance",15834053261885,HarmonicAgave
CuStTdKU5nWev5YKxMHyFjiHYG2CnjZ3rrPa8r1G2hTw,"Custodian üíº 0% fees +MEV!",15798122173853,JitoLabs
9jJ3YRBL611e7xjXFMBExuninmTWjDnv3FXNotHmPnK2,"",15263061962875,JitoLabs
4uH4G6YiD5G8rU3mtPg73C2Uqamrqedy3FboTZcZrh6x,"Windfall",15213610610099,AgaveBam
5yEnvhM4Ld3UZs2n173J2iR369E1ddcbQYeLSZxk4cYj,"Dan's Validator",14326165918446,JitoLabs
DZVySotZvrvJyVAcgjFtUDm93zoCaq9wBruMAUz83CWW,"DoubleZero x Asymmetric Research",13634252505420,Frankendancer Vanilla
3DaifGfDESUzer5ggUeo6UDjqEKMkCpdNSrrvyuggHVe,"",13171926097974,AgaveBam
AS4i8EXUZnPbmNT5ZXmoTEbrXQrbFoReiWwwFB43Ds5z,"Majestysol | üî• 0% Fee + ‚ö° MEV",12666041560411,JitoLabs
7zAHbRxEQaNjKnQMjFm7j8LebHSGfzsQDdm2ZpUNPa7G,"Bitprim SOL Validator",12515884513716,JitoLabs
F1REzm2dJW1wfj2yHjCMV3FxVs8TXQG9qoW4MFEz6uYo,"",10001996434246,Firedancer
FttTBmXi5tmGJtiRcbVLwfMnY3ngrxw8DNSWRWMrr1WS,"Frankendancer-DoubleZero4",10000001000000,Frankendancer Vanilla
9fa5wcqnAQqHyn58U1vHHLuZW5GXLcoho7hKT17jGJfZ,"Cryptology",9893052292278,Agave
BZBKHmW1DhBaAPojxWBQ26vGz42Y7MtNviFZWpc6nGLb,"RockX",8552710329602,JitoLabs
2D2v7sMqDuq2ekZnFhaQm4k2ErWHemZQuYf5qaVTPFmg,"maximka",8218631700286,Frankendancer Vanilla
movJfS8W7z4PzZJbanwt2DDSN3NbZSyadbDp8DnqbAP,"",8189994151360,Frankendancer Rev
6dtVKjb6vRwNAekki2FXhKv8WTNzQ3xW6HWMCNWqtoDy,"EONpool",7539113804830,JitoLabs
FZrSKKsKfZJovcQWRQFDXz8DbHKCSRZLZqbBAGd1dG57,"",7174013924303,JitoLabs
4vXCtYfPeracuQg3a67Zx4jvtJco6MU3LKip8ax6GkVq,"Kangaroo ü¶ò",6630866787996,JitoLabs
ChB6C6dmNujAi79XtQLPKLL5SWdNLMShA7KKnrMMFF52,"Viking - Nordic Countries Validator - 0% fees",6037549947652,JitoLabs
9Ukj3PkyD3igEDJGt1QTj9ThzjK6hMiadQfa3gm7kjf1,"InfStones ‚úÖ",5949502770845,JitoLabs
2npYpAQcNWcZo85eB43DnSMyeeVCiks7g65YaWVKp8TX,"Google Cloud Web3",4959997717127,Agave
574rvsKGZg8rBuSNX7k8gG2mHFvUMwt22sSgJJBMCQVy,"Khaos",2735720259220,Frankendancer Vanilla
SENDa18d6LsC1f85AJXXMncBxQyFQKSJWZ1jaop5K87,"SendAI Inc.",2669876480796,AgaveBam
CRNyGD7xNPThLjNviGdxoAiHpQXZKx3UeyCfrxnmTi8r,"",2546396540567,JitoLabs
DEU4agzdUCA5oZ1QSLxCyZb1smvdu5j1NXXsK2r823Uu,"",2515285315123,Frankendancer Rev
HwRia5HUmQcvundpC6iFqwfK4iVNKRSmYm1NKsrMkZBC,"Figment | Firedancer",2377517737761,Frankendancer Rev
CpdzCVzaR9gjFymmEVE8xHboJFHaDnimRZ448cMBs6Rn,"Anti üî• +JitoMEV",1736345270128,AgaveBam
toshB4tPQTFfyd3VFz2tC3nmEFHVmiBMUpcxwWiexn2,"Toshi CSS",1021492378692,JitoLabs
DSRVdh9PQaqAcFtMCbJhyD4yMD5H2EeHNzdbqWctRY4E,"DSRV",833812632714,JitoLabs
34mx1tsh8ZpdeSWAcj5Mqa7e2XoTnAsA6VrHLsg1BdRj,"JumpSOL - Solana Labs",228078856253,JitoLabs
BM2vE2QqkB9fGtC34WPtM8drbgta13SBkhRq6dRG9J4J,"Frankendancer-DoubleZero3",65673580237,Frankendancer Vanilla
8j7RdaofeR9jaXWqYTubqooHpcajP7EfhWbR4UKUB4fF,"",62120530177,JitoLabs
82vucuWCTTQEz6nYe3VetnL3pJYBrfDF2gDAjec9sPUy,"Frankendancer-DoubleZero1",35981452201,Frankendancer Vanilla
hyp3Eo67t6FgeuWg5Qxbeme8NPXJPXXdKT4iJ4DsLf2,"EpRvips2doUUdxvs3Qhf4MCLqVeJEPu47Aci5QbBXASV",7797151420,JitoLabs
FXXaL4nFfS8vmYjKjdW3sGgAFT1sAjeMqLCNsUmCp741,"",7717120,JitoLabs
6WwZVeoozcJBK6qJF5Cs3PU8pikyJZATD47H52FHDDte,"",2001446,Harmonic